Workbook

Sheet Konfigurasi Model
A1: Single Layer Perceptron — Klasifikasi Iris Setosa vs Iris Versicolor
A3: Arsitektur & Hyperparameter
A4: Parameter | B4: Nilai | C4: Keterangan
A5: Jumlah neuron input (X1–X4) | B5: 4 | C5: SepalLength, SepalWidth, PetalLength, PetalWidth
A6: Jumlah neuron output | B6: 1 | C6: Binary encoding, 1 neuron
A7: Target — Iris Setosa | B7: 0 | C7: Kelas negatif
A8: Target — Iris Versicolor | B8: 1 | C8: Kelas positif
A9: Bobot awal teta1–teta4 | B9: 0.5 | C9: Nilai inisiasi dari template PMM
A10: Bias awal | B10: 0.5 | C10: Nilai inisiasi dari template PMM
A11: Learning Rate | B11: 0.1 | C11: Nilai inisiasi dari template PMM
A12: Sigmoid | B12: g(z) = 1/(1+e^(−z)) | C12: z = bias + teta1·X1 + teta2·X2 + teta3·X3 + teta4·X4
A13: error | B13: g(z) − TARGET | C13: Selisih output sigmoid dengan target
A14: Sum Square Error | B14: error² | C14: Dirata-rata jadi MSE per epoch
A15: Metode update | B15: Gradient Descent (stochastic, per data) | C15: teta = teta − LR·dteta ; bias = bias − LR·dbias
A16: Jumlah epoch | B16: 5 | C16: Bobot baris terakhir tiap epoch = bobot awal epoch berikutnya
A17: Jumlah data training | B17: 80 | C17: 40 Setosa + 40 Versicolor
A18: Jumlah data testing | B18: 20 | C18: 10 Setosa + 10 Versicolor
A19: Urutan data training | B19: Selang-seling blok 20 (0–1–0–1) | C19: Versi tanpa acak ada di sheet Trial
A20: Threshold prediksi | B20: 0.5 | C20: g(z) > 0.5 → 1, selainnya → 0
A21: Bobot untuk testing | B21: Sama dengan baris training terakhir | C21: Tidak ada update tambahan setelah data ke-80
A24: Rumus turunan (slide SLP – Gradient Descent)
A25: dteta_j = 2·[g(z) − TARGET]·[1 − g(z)]·g(z)·X_j
A26: dbias = 2·[g(z) − TARGET]·[1 − g(z)]·g(z)
A27: teta_j ← teta_j − LR·dteta_j bias ← bias − LR·dbias

Sheet Epoch 1
A1: EPOCH 1 — TRAINING (80 data)
G2: Setosa = 0 | I2: Learning Rate | K2: ='Konfigurasi Model'!$B$11 -> 0.1
G3: Versicolor = 1 | I3: Bobot bias | N3: dot | O3: Sigmoid | P3: Prediksi | Q3: error | R3: Sum Square Error
A4: EPOCH | B4: No | C4: X1 | D4: X2 | E4: X3 | F4: X4 | G4: TARGET | I4: bias | J4: teta1 | K4: teta2 | L4: teta 3 | M4: teta4 | N4: z | O4: g(z) | T4: dbias | U4: dteta1 | V4: dteta2 | W4: dteta3 | X4: dteta4 | Y4: Akurasi
A5: epoch 1 | B5: 1 | C5: 5.1 | D5: 3.5 | E5: 1.4 | F5: 0.2 | G5: 0 | I5: ='Konfigurasi Model'!$B$10 -> 0.5 | J5: ='Konfigurasi Model'!$B$9 -> 0.5 | K5: ='Konfigurasi Model'!$B$9 -> 0.5 | L5: ='Konfigurasi Model'!$B$9 -> 0.5 | M5: ='Konfigurasi Model'!$B$9 -> 0.5 | N5: =I5+J5*C5+K5*D5+L5*E5+M5*F5 -> 5.6 | O5: =1/(1+EXP(-N5)) -> 0.99631576 | P5: =IF(O5>0.5,1,0) -> 1 | Q5: =O5-G5 -> 0.99631576 | R5: =Q5^2 -> 0.99264509 | T5: =2*(O5-G5)*(1-O5)*O5 -> 0.0073142853 | U5: =2*(O5-G5)*(1-O5)*O5*C5 -> 0.037302855 | V5: =2*(O5-G5)*(1-O5)*O5*D5 -> 0.025599999 | W5: =2*(O5-G5)*(1-O5)*O5*E5 -> 0.010239999 | X5: =2*(O5-G5)*(1-O5)*O5*F5 -> 0.0014628571 | Y5: =IF(P5=G5,1,0) -> 0
B6: 2 | C6: 4.9 | D6: 3 | E6: 1.4 | F6: 0.2 | G6: 0 | I6: =I5-('Konfigurasi Model'!$B$11*T5) -> 0.49926857 | J6: =J5-('Konfigurasi Model'!$B$11*U5) -> 0.49626971 | K6: =K5-('Konfigurasi Model'!$B$11*V5) -> 0.49744 | L6: =L5-('Konfigurasi Model'!$B$11*W5) -> 0.498976 | M6: =M5-('Konfigurasi Model'!$B$11*X5) -> 0.49985371 | N6: =I6+J6*C6+K6*D6+L6*E6+M6*F6 -> 5.2218473 | O6: =1/(1+EXP(-N6)) -> 0.99463163 | P6: =IF(O6>0.5,1,0) -> 1 | Q6: =O6-G6 -> 0.99463163 | R6: =Q6^2 -> 0.98929207 | T6: =2*(O6-G6)*(1-O6)*O6 -> 0.01062178 | U6: =2*(O6-G6)*(1-O6)*O6*C6 -> 0.052046723 | V6: =2*(O6-G6)*(1-O6)*O6*D6 -> 0.031865341 | W6: =2*(O6-G6)*(1-O6)*O6*E6 -> 0.014870492 | X6: =2*(O6-G6)*(1-O6)*O6*F6 -> 0.0021243561 | Y6: =IF(P6=G6,1,0) -> 0
B7: 3 | C7: 4.7 | D7: 3.2 | E7: 1.3 | F7: 0.2 | G7: 0 | I7: =I6-('Konfigurasi Model'!$B$11*T6) -> 0.49820639 | J7: =J6-('Konfigurasi Model'!$B$11*U6) -> 0.49106504 | K7: =K6-('Konfigurasi Model'!$B$11*V6) -> 0.49425347 | L7: =L6-('Konfigurasi Model'!$B$11*W6) -> 0.49748895 | M7: =M6-('Konfigurasi Model'!$B$11*X6) -> 0.49964128 | N7: =I7+J7*C7+K7*D7+L7*E7+M7*F7 -> 5.1344871 | O7: =1/(1+EXP(-N7)) -> 0.99414442 | P7: =IF(O7>0.5,1,0) -> 1 | Q7: =O7-G7 -> 0.99414442 | R7: =Q7^2 -> 0.98832312 | T7: =2*(O7-G7)*(1-O7)*O7 -> 0.011574414 | U7: =2*(O7-G7)*(1-O7)*O7*C7 -> 0.054399748 | V7: =2*(O7-G7)*(1-O7)*O7*D7 -> 0.037038126 | W7: =2*(O7-G7)*(1-O7)*O7*E7 -> 0.015046739 | X7: =2*(O7-G7)*(1-O7)*O7*F7 -> 0.0023148829 | Y7: =IF(P7=G7,1,0) -> 0
B8: 4 | C8: 4.6 | D8: 3.1 | E8: 1.5 | F8: 0.2 | G8: 0 | I8: =I7-('Konfigurasi Model'!$B$11*T7) -> 0.49704895 | J8: =J7-('Konfigurasi Model'!$B$11*U7) -> 0.48562507 | K8: =K7-('Konfigurasi Model'!$B$11*V7) -> 0.49054965 | L8: =L7-('Konfigurasi Model'!$B$11*W7) -> 0.49598428 | M8: =M7-('Konfigurasi Model'!$B$11*X7) -> 0.49940979 | N8: =I8+J8*C8+K8*D8+L8*E8+M8*F8 -> 5.0954866 | O8: =1/(1+EXP(-N8)) -> 0.99391295 | P8: =IF(O8>0.5,1,0) -> 1 | Q8: =O8-G8 -> 0.99391295 | R8: =Q8^2 -> 0.98786296 | T8: =2*(O8-G8)*(1-O8)*O8 -> 0.012026336 | U8: =2*(O8-G8)*(1-O8)*O8*C8 -> 0.055321148 | V8: =2*(O8-G8)*(1-O8)*O8*D8 -> 0.037281643 | W8: =2*(O8-G8)*(1-O8)*O8*E8 -> 0.018039505 | X8: =2*(O8-G8)*(1-O8)*O8*F8 -> 0.0024052673 | Y8: =IF(P8=G8,1,0) -> 0
B9: 5 | C9: 5 | D9: 3.6 | E9: 1.4 | F9: 0.2 | G9: 0 | I9: =I8-('Konfigurasi Model'!$B$11*T8) -> 0.49584632 | J9: =J8-('Konfigurasi Model'!$B$11*U8) -> 0.48009295 | K9: =K8-('Konfigurasi Model'!$B$11*V8) -> 0.48682149 | L9: =L8-('Konfigurasi Model'!$B$11*W8) -> 0.49418033 | M9: =M8-('Konfigurasi Model'!$B$11*X8) -> 0.49916926 | N9: =I9+J9*C9+K9*D9+L9*E9+M9*F9 -> 5.4405548 | O9: =1/(1+EXP(-N9)) -> 0.99568165 | P9: =IF(O9>0.5,1,0) -> 1 | Q9: =O9-G9 -> 0.99568165 | R9: =Q9^2 -> 0.99138195 | T9: =2*(O9-G9)*(1-O9)*O9 -> 0.0085622637 | U9: =2*(O9-G9)*(1-O9)*O9*C9 -> 0.042811319 | V9: =2*(O9-G9)*(1-O9)*O9*D9 -> 0.030824149 | W9: =2*(O9-G9)*(1-O9)*O9*E9 -> 0.011987169 | X9: =2*(O9-G9)*(1-O9)*O9*F9 -> 0.0017124527 | Y9: =IF(P9=G9,1,0) -> 0
B10: 6 | C10: 5.4 | D10: 3.9 | E10: 1.7 | F10: 0.4 | G10: 0 | I10: =I9-('Konfigurasi Model'!$B$11*T9) -> 0.49499009 | J10: =J9-('Konfigurasi Model'!$B$11*U9) -> 0.47581182 | K10: =K9-('Konfigurasi Model'!$B$11*V9) -> 0.48373907 | L10: =L9-('Konfigurasi Model'!$B$11*W9) -> 0.49298161 | M10: =M9-('Konfigurasi Model'!$B$11*X9) -> 0.49899802 | N10: =I10+J10*C10+K10*D10+L10*E10+M10*F10 -> 5.9886243 | O10: =1/(1+EXP(-N10)) -> 0.99749916 | P10: =IF(O10>0.5,1,0) -> 1 | Q10: =O10-G10 -> 0.99749916 | R10: =Q10^2 -> 0.99500457 | T10: =2*(O10-G10)*(1-O10)*O10 -> 0.0049766963 | U10: =2*(O10-G10)*(1-O10)*O10*C10 -> 0.02687416 | V10: =2*(O10-G10)*(1-O10)*O10*D10 -> 0.019409116 | W10: =2*(O10-G10)*(1-O10)*O10*E10 -> 0.0084603838 | X10: =2*(O10-G10)*(1-O10)*O10*F10 -> 0.0019906785 | Y10: =IF(P10=G10,1,0) -> 0
B11: 7 | C11: 4.6 | D11: 3.4 | E11: 1.4 | F11: 0.3 | G11: 0 | I11: =I10-('Konfigurasi Model'!$B$11*T10) -> 0.49449242 | J11: =J10-('Konfigurasi Model'!$B$11*U10) -> 0.4731244 | K11: =K10-('Konfigurasi Model'!$B$11*V10) -> 0.48179816 | L11: =L10-('Konfigurasi Model'!$B$11*W10) -> 0.49213557 | M11: =M10-('Konfigurasi Model'!$B$11*X10) -> 0.49879895 | N11: =I11+J11*C11+K11*D11+L11*E11+M11*F11 -> 5.1476079 | O11: =1/(1+EXP(-N11)) -> 0.99422031 | P11: =IF(O11>0.5,1,0) -> 1 | Q11: =O11-G11 -> 0.99422031 | R11: =Q11^2 -> 0.98847402 | T11: =2*(O11-G11)*(1-O11)*O11 -> 0.011426156 | U11: =2*(O11-G11)*(1-O11)*O11*C11 -> 0.05256032 | V11: =2*(O11-G11)*(1-O11)*O11*D11 -> 0.038848932 | W11: =2*(O11-G11)*(1-O11)*O11*E11 -> 0.015996619 | X11: =2*(O11-G11)*(1-O11)*O11*F11 -> 0.0034278469 | Y11: =IF(P11=G11,1,0) -> 0
B12: 8 | C12: 5 | D12: 3.4 | E12: 1.5 | F12: 0.2 | G12: 0 | I12: =I11-('Konfigurasi Model'!$B$11*T11) -> 0.49334981 | J12: =J11-('Konfigurasi Model'!$B$11*U11) -> 0.46786837 | K12: =K11-('Konfigurasi Model'!$B$11*V11) -> 0.47791327 | L12: =L11-('Konfigurasi Model'!$B$11*W11) -> 0.49053591 | M12: =M11-('Konfigurasi Model'!$B$11*X11) -> 0.49845617 | N12: =I12+J12*C12+K12*D12+L12*E12+M12*F12 -> 5.2930919 | O12: =1/(1+EXP(-N12)) -> 0.99499894 | P12: =IF(O12>0.5,1,0) -> 1 | Q12: =O12-G12 -> 0.99499894 | R12: =Q12^2 -> 0.99002289 | T12: =2*(O12-G12)*(1-O12)*O12 -> 0.0099023268 | U12: =2*(O12-G12)*(1-O12)*O12*C12 -> 0.049511634 | V12: =2*(O12-G12)*(1-O12)*O12*D12 -> 0.033667911 | W12: =2*(O12-G12)*(1-O12)*O12*E12 -> 0.01485349 | X12: =2*(O12-G12)*(1-O12)*O12*F12 -> 0.0019804654 | Y12: =IF(P12=G12,1,0) -> 0
B13: 9 | C13: 4.4 | D13: 2.9 | E13: 1.4 | F13: 0.2 | G13: 0 | I13: =I12-('Konfigurasi Model'!$B$11*T12) -> 0.49235957 | J13: =J12-('Konfigurasi Model'!$B$11*U12) -> 0.46291721 | K13: =K12-('Konfigurasi Model'!$B$11*V12) -> 0.47454648 | L13: =L12-('Konfigurasi Model'!$B$11*W12) -> 0.48905056 | M13: =M12-('Konfigurasi Model'!$B$11*X12) -> 0.49825812 | N13: =I13+J13*C13+K13*D13+L13*E13+M13*F13 -> 4.6897025 | O13: =1/(1+EXP(-N13)) -> 0.99089426 | P13: =IF(O13>0.5,1,0) -> 1 | Q13: =O13-G13 -> 0.99089426 | R13: =Q13^2 -> 0.98187143 | T13: =2*(O13-G13)*(1-O13)*O13 -> 0.017881338 | U13: =2*(O13-G13)*(1-O13)*O13*C13 -> 0.078677888 | V13: =2*(O13-G13)*(1-O13)*O13*D13 -> 0.051855881 | W13: =2*(O13-G13)*(1-O13)*O13*E13 -> 0.025033873 | X13: =2*(O13-G13)*(1-O13)*O13*F13 -> 0.0035762676 | Y13: =IF(P13=G13,1,0) -> 0
B14: 10 | C14: 4.9 | D14: 3.1 | E14: 1.5 | F14: 0.1 | G14: 0 | I14: =I13-('Konfigurasi Model'!$B$11*T13) -> 0.49057144 | J14: =J13-('Konfigurasi Model'!$B$11*U13) -> 0.45504942 | K14: =K13-('Konfigurasi Model'!$B$11*V13) -> 0.46936089 | L14: =L13-('Konfigurasi Model'!$B$11*W13) -> 0.48654717 | M14: =M13-('Konfigurasi Model'!$B$11*X13) -> 0.49790049 | N14: =I14+J14*C14+K14*D14+L14*E14+M14*F14 -> 4.9549432 | O14: =1/(1+EXP(-N14)) -> 0.99300085 | P14: =IF(O14>0.5,1,0) -> 1 | Q14: =O14-G14 -> 0.99300085 | R14: =Q14^2 -> 0.98605069 | T14: =2*(O14-G14)*(1-O14)*O14 -> 0.013803028 | U14: =2*(O14-G14)*(1-O14)*O14*C14 -> 0.067634839 | V14: =2*(O14-G14)*(1-O14)*O14*D14 -> 0.042789388 | W14: =2*(O14-G14)*(1-O14)*O14*E14 -> 0.020704543 | X14: =2*(O14-G14)*(1-O14)*O14*F14 -> 0.0013803028 | Y14: =IF(P14=G14,1,0) -> 0
B15: 11 | C15: 5.4 | D15: 3.7 | E15: 1.5 | F15: 0.2 | G15: 0 | I15: =I14-('Konfigurasi Model'!$B$11*T14) -> 0.48919114 | J15: =J14-('Konfigurasi Model'!$B$11*U14) -> 0.44828594 | K15: =K14-('Konfigurasi Model'!$B$11*V14) -> 0.46508195 | L15: =L14-('Konfigurasi Model'!$B$11*W14) -> 0.48447672 | M15: =M14-('Konfigurasi Model'!$B$11*X14) -> 0.49776246 | N15: =I15+J15*C15+K15*D15+L15*E15+M15*F15 -> 5.457006 | O15: =1/(1+EXP(-N15)) -> 0.99575181 | P15: =IF(O15>0.5,1,0) -> 1 | Q15: =O15-G15 -> 0.99575181 | R15: =Q15^2 -> 0.99152168 | T15: =2*(O15-G15)*(1-O15)*O15 -> 0.0084243369 | U15: =2*(O15-G15)*(1-O15)*O15*C15 -> 0.045491419 | V15: =2*(O15-G15)*(1-O15)*O15*D15 -> 0.031170047 | W15: =2*(O15-G15)*(1-O15)*O15*E15 -> 0.012636505 | X15: =2*(O15-G15)*(1-O15)*O15*F15 -> 0.0016848674 | Y15: =IF(P15=G15,1,0) -> 0
B16: 12 | C16: 4.8 | D16: 3.4 | E16: 1.6 | F16: 0.2 | G16: 0 | I16: =I15-('Konfigurasi Model'!$B$11*T15) -> 0.4883487 | J16: =J15-('Konfigurasi Model'!$B$11*U15) -> 0.44373679 | K16: =K15-('Konfigurasi Model'!$B$11*V15) -> 0.46196495 | L16: =L15-('Konfigurasi Model'!$B$11*W15) -> 0.48321307 | M16: =M15-('Konfigurasi Model'!$B$11*X15) -> 0.49759398 | N16: =I16+J16*C16+K16*D16+L16*E16+M16*F16 -> 5.0616258 | O16: =1/(1+EXP(-N16)) -> 0.99370463 | P16: =IF(O16>0.5,1,0) -> 1 | Q16: =O16-G16 -> 0.99370463 | R16: =Q16^2 -> 0.9874489 | T16: =2*(O16-G16)*(1-O16)*O16 -> 0.012432709 | U16: =2*(O16-G16)*(1-O16)*O16*C16 -> 0.059677003 | V16: =2*(O16-G16)*(1-O16)*O16*D16 -> 0.04227121 | W16: =2*(O16-G16)*(1-O16)*O16*E16 -> 0.019892334 | X16: =2*(O16-G16)*(1-O16)*O16*F16 -> 0.0024865418 | Y16: =IF(P16=G16,1,0) -> 0
B17: 13 | C17: 4.8 | D17: 3 | E17: 1.4 | F17: 0.1 | G17: 0 | I17: =I16-('Konfigurasi Model'!$B$11*T16) -> 0.48710543 | J17: =J16-('Konfigurasi Model'!$B$11*U16) -> 0.43776909 | K17: =K16-('Konfigurasi Model'!$B$11*V16) -> 0.45773783 | L17: =L16-('Konfigurasi Model'!$B$11*W16) -> 0.48122383 | M17: =M16-('Konfigurasi Model'!$B$11*X16) -> 0.49734532 | N17: =I17+J17*C17+K17*D17+L17*E17+M17*F17 -> 4.6850585 | O17: =1/(1+EXP(-N17)) -> 0.99085226 | P17: =IF(O17>0.5,1,0) -> 1 | Q17: =O17-G17 -> 0.99085226 | R17: =Q17^2 -> 0.9817882 | T17: =2*(O17-G17)*(1-O17)*O17 -> 0.017962289 | U17: =2*(O17-G17)*(1-O17)*O17*C17 -> 0.086218985 | V17: =2*(O17-G17)*(1-O17)*O17*D17 -> 0.053886866 | W17: =2*(O17-G17)*(1-O17)*O17*E17 -> 0.025147204 | X17: =2*(O17-G17)*(1-O17)*O17*F17 -> 0.0017962289 | Y17: =IF(P17=G17,1,0) -> 0
... B84: 80 | C84: 5.5 | D84: 2.5 | E84: 4 | F84: 1.3 | G84: 1 | I84: =I83-('Konfigurasi Model'!$B$11*T83) -> 0.37596004 | J84: =J83-('Konfigurasi Model'!$B$11*U83) -> -0.071457626 | K84: =K83-('Konfigurasi Model'!$B$11*V83) -> 0.059374095 | L84: =L83-('Konfigurasi Model'!$B$11*W83) -> 0.50900842 | M84: =M83-('Konfigurasi Model'!$B$11*X83) -> 0.55599671 | N84: =I84+J84*C84+K84*D84+L84*E84+M84*F84 -> 2.8902077 | O84: =1/(1+EXP(-N84)) -> 0.94736024 | P84: =IF(O84>0.5,1,0) -> 1 | Q84: =O84-G84 -> -0.052639758 | R84: =Q84^2 -> 0.0027709442 | T84: =2*(O84-G84)*(1-O84)*O84 -> -0.0052501647 | U84: =2*(O84-G84)*(1-O84)*O84*C84 -> -0.028875906 | V84: =2*(O84-G84)*(1-O84)*O84*D84 -> -0.013125412 | W84: =2*(O84-G84)*(1-O84)*O84*E84 -> -0.021000659 | X84: =2*(O84-G84)*(1-O84)*O84*F84 -> -0.0068252141 | Y84: =IF(P84=G84,1,0) -> 1
Q85: MSE → | R85: =AVERAGE(R5:R84) -> 0.44715463 | X85: Akurasi → | Y85: =AVERAGE(Y5:Y84) -> 0.525
A87: EPOCH 1 — TESTING (20 data, bobot = baris 84)
G88: Setosa = 0 | I88: Learning Rate | K88: ='Konfigurasi Model'!$B$11 -> 0.1
G89: Versicolor = 1 | I89: Bobot bias | N89: dot | O89: Sigmoid | P89: Prediksi | Q89: error | R89: Sum Square Error
A90: EPOCH | B90: No | C90: X1 | D90: X2 | E90: X3 | F90: X4 | G90: TARGET | I90: bias | J90: teta1 | K90: teta2 | L90: teta 3 | M90: teta4 | N90: z | O90: g(z) | T90: Akurasi
A91: testing | B91: 1 | C91: 5 | D91: 3.5 | E91: 1.3 | F91: 0.3 | G91: 0 | I91: =I84 -> 0.37596004 | J91: =J84 -> -0.071457626 | K91: =K84 -> 0.059374095 | L91: =L84 -> 0.50900842 | M91: =M84 -> 0.55599671 | N91: =I91+J91*C91+K91*D91+L91*E91+M91*F91 -> 1.0549912 | O91: =1/(1+EXP(-N91)) -> 0.74173219 | P91: =IF(O91>0.5,1,0) -> 1 | Q91: =O91-G91 -> 0.74173219 | R91: =Q91^2 -> 0.55016665 | T91: =IF(P91=G91,1,0) -> 0
B92: 2 | C92: 4.5 | D92: 2.3 | E92: 1.3 | F92: 0.3 | G92: 0 | I92: =I91 -> 0.37596004 | J92: =J91 -> -0.071457626 | K92: =K91 -> 0.059374095 | L92: =L91 -> 0.50900842 | M92: =M91 -> 0.55599671 | N92: =I92+J92*C92+K92*D92+L92*E92+M92*F92 -> 1.0194711 | O92: =1/(1+EXP(-N92)) -> 0.73486956 | P92: =IF(O92>0.5,1,0) -> 1 | Q92: =O92-G92 -> 0.73486956 | R92: =Q92^2 -> 0.54003327 | T92: =IF(P92=G92,1,0) -> 0
B93: 3 | C93: 4.4 | D93: 3.2 | E93: 1.3 | F93: 0.2 | G93: 0 | I93: =I92 -> 0.37596004 | J93: =J92 -> -0.071457626 | K93: =K92 -> 0.059374095 | L93: =L92 -> 0.50900842 | M93: =M92 -> 0.55599671 | N93: =I93+J93*C93+K93*D93+L93*E93+M93*F93 -> 1.0244539 | O93: =1/(1+EXP(-N93)) -> 0.73583925 | P93: =IF(O93>0.5,1,0) -> 1 | Q93: =O93-G93 -> 0.73583925 | R93: =Q93^2 -> 0.5414594 | T93: =IF(P93=G93,1,0) -> 0
B94: 4 | C94: 5 | D94: 3.5 | E94: 1.6 | F94: 0.6 | G94: 0 | I94: =I93 -> 0.37596004 | J94: =J93 -> -0.071457626 | K94: =K93 -> 0.059374095 | L94: =L93 -> 0.50900842 | M94: =M93 -> 0.55599671 | N94: =I94+J94*C94+K94*D94+L94*E94+M94*F94 -> 1.3744927 | O94: =1/(1+EXP(-N94)) -> 0.79810505 | P94: =IF(O94>0.5,1,0) -> 1 | Q94: =O94-G94 -> 0.79810505 | R94: =Q94^2 -> 0.63697168 | T94: =IF(P94=G94,1,0) -> 0
B95: 5 | C95: 5.1 | D95: 3.8 | E95: 1.9 | F95: 0.4 | G95: 0 | I95: =I94 -> 0.37596004 | J95: =J94 -> -0.071457626 | K95: =K94 -> 0.059374095 | L95: =L94 -> 0.50900842 | M95: =M94 -> 0.55599671 | N95: =I95+J95*C95+K95*D95+L95*E95+M95*F95 -> 1.4266624 | O95: =1/(1+EXP(-N95)) -> 0.80638074 | P95: =IF(O95>0.5,1,0) -> 1 | Q95: =O95-G95 -> 0.80638074 | R95: =Q95^2 -> 0.6502499 | T95: =IF(P95=G95,1,0) -> 0
B96: 6 | C96: 4.8 | D96: 3 | E96: 1.4 | F96: 0.3 | G96: 0 | I96: =I95 -> 0.37596004 | J96: =J95 -> -0.071457626 | K96: =K95 -> 0.059374095 | L96: =L95 -> 0.50900842 | M96: =M95 -> 0.55599671 | N96: =I96+J96*C96+K96*D96+L96*E96+M96*F96 -> 1.0904965 | O96: =1/(1+EXP(-N96)) -> 0.74847521 | P96: =IF(O96>0.5,1,0) -> 1 | Q96: =O96-G96 -> 0.74847521 | R96: =Q96^2 -> 0.56021514 | T96: =IF(P96=G96,1,0) -> 0
B97: 7 | C97: 5.1 | D97: 3.8 | E97: 1.6 | F97: 0.2 | G97: 0 | I97: =I96 -> 0.37596004 | J97: =J96 -> -0.071457626 | K97: =K96 -> 0.059374095 | L97: =L96 -> 0.50900842 | M97: =M96 -> 0.55599671 | N97: =I97+J97*C97+K97*D97+L97*E97+M97*F97 -> 1.1627605 | O97: =1/(1+EXP(-N97)) -> 0.76183395 | P97: =IF(O97>0.5,1,0) -> 1 | Q97: =O97-G97 -> 0.76183395 | R97: =Q97^2 -> 0.58039097 | T97: =IF(P97=G97,1,0) -> 0
B98: 8 | C98: 4.6 | D98: 3.2 | E98: 1.4 | F98: 0.2 | G98: 0 | I98: =I97 -> 0.37596004 | J98: =J97 -> -0.071457626 | K98: =K97 -> 0.059374095 | L98: =L97 -> 0.50900842 | M98: =M97 -> 0.55599671 | N98: =I98+J98*C98+K98*D98+L98*E98+M98*F98 -> 1.0610632 | O98: =1/(1+EXP(-N98)) -> 0.74289367 | P98: =IF(O98>0.5,1,0) -> 1 | Q98: =O98-G98 -> 0.74289367 | R98: =Q98^2 -> 0.551891 | T98: =IF(P98=G98,1,0) -> 0
B99: 9 | C99: 5.3 | D99: 3.7 | E99: 1.5 | F99: 0.2 | G99: 0 | I99: =I98 -> 0.37596004 | J99: =J98 -> -0.071457626 | K99: =K98 -> 0.059374095 | L99: =L98 -> 0.50900842 | M99: =M98 -> 0.55599671 | N99: =I99+J99*C99+K99*D99+L99*E99+M99*F99 -> 1.0916307 | O99: =1/(1+EXP(-N99)) -> 0.74868868 | P99: =IF(O99>0.5,1,0) -> 1 | Q99: =O99-G99 -> 0.74868868 | R99: =Q99^2 -> 0.56053473 | T99: =IF(P99=G99,1,0) -> 0
B100: 10 | C100: 5 | D100: 3.3 | E100: 1.4 | F100: 0.2 | G100: 0 | I100: =I99 -> 0.37596004 | J100: =J99 -> -0.071457626 | K100: =K99 -> 0.059374095 | L100: =L99 -> 0.50900842 | M100: =M99 -> 0.55599671 | N100: =I100+J100*C100+K100*D100+L100*E100+M100*F100 -> 1.0384175 | O100: =1/(1+EXP(-N100)) -> 0.73854456 | P100: =IF(O100>0.5,1,0) -> 1 | Q100: =O100-G100 -> 0.73854456 | R100: =Q100^2 -> 0.54544806 | T100: =IF(P100=G100,1,0) -> 0
B101: 11 | C101: 5.5 | D101: 2.6 | E101: 4.4 | F101: 1.2 | G101: 1 | I101: =I100 -> 0.37596004 | J101: =J100 -> -0.071457626 | K101: =K100 -> 0.059374095 | L101: =L100 -> 0.50900842 | M101: =M100 -> 0.55599671 | N101: =I101+J101*C101+K101*D101+L101*E101+M101*F101 -> 3.0441488 | O101: =1/(1+EXP(-N101)) -> 0.95452924 | P101: =IF(O101>0.5,1,0) -> 1 | Q101: =O101-G101 -> -0.045470758 | R101: =Q101^2 -> 0.0020675899 | T101: =IF(P101=G101,1,0) -> 1
B102: 12 | C102: 6.1 | D102: 3 | E102: 4.6 | F102: 1.4 | G102: 1 | I102: =I101 -> 0.37596004 | J102: =J101 -> -0.071457626 | K102: =K101 -> 0.059374095 | L102: =L101 -> 0.50900842 | M102: =M101 -> 0.55599671 | N102: =I102+J102*C102+K102*D102+L102*E102+M102*F102 -> 3.2380249 | O102: =1/(1+EXP(-N102)) -> 0.96224041 | P102: =IF(O102>0.5,1,0) -> 1 | Q102: =O102-G102 -> -0.037759587 | R102: =Q102^2 -> 0.0014257864 | T102: =IF(P102=G102,1,0) -> 1
B103: 13 | C103: 5.8 | D103: 2.6 | E103: 4 | F103: 1.2 | G103: 1 | I103: =I102 -> 0.37596004 | J103: =J102 -> -0.071457626 | K103: =K102 -> 0.059374095 | L103: =L102 -> 0.50900842 | M103: =M102 -> 0.55599671 | N103: =I103+J103*C103+K103*D103+L103*E103+M103*F103 -> 2.8191082 | O103: =1/(1+EXP(-N103)) -> 0.9436997 | P103: =IF(O103>0.5,1,0) -> 1 | Q103: =O103-G103 -> -0.056300298 | R103: =Q103^2 -> 0.0031697235 | T103: =IF(P103=G103,1,0) -> 1
... B110: 20 | C110: 5.7 | D110: 2.8 | E110: 4.1 | F110: 1.3 | G110: 1 | I110: =I109 -> 0.37596004 | J110: =J109 -> -0.071457626 | K110: =K109 -> 0.059374095 | L110: =L109 -> 0.50900842 | M110: =M109 -> 0.55599671 | N110: =I110+J110*C110+K110*D110+L110*E110+M110*F110 -> 2.9446293 | O110: =1/(1+EXP(-N110)) -> 0.95000904 | P110: =IF(O110>0.5,1,0) -> 1 | Q110: =O110-G110 -> -0.049990962 | R110: =Q110^2 -> 0.0024990963 | T110: =IF(P110=G110,1,0) -> 1
Q111: MSE → | R111: =AVERAGE(R91:R110) -> 0.28755158 | T111: =AVERAGE(T91:T110) -> 0.5
A113: Confusion Matrix (data testing) | I113: Evaluation Metrics
C114: Prediksi | I114: Metrik | J114: Hasil (%)
C115: Setosa (0) | D115: Versicolor (1) | I115: Akurasi | J115: =(C116+D117)/SUM(C116:D117)*100 -> 50
A116: Aktual | B116: Setosa (0) | C116: =COUNTIFS($G$91:$G$110,0,$P$91:$P$110,0) -> 0 | D116: =COUNTIFS($G$91:$G$110,0,$P$91:$P$110,1) -> 10 | I116: Presisi | J116: =IFERROR(D117/(D117+D116)*100,0) -> 50
B117: Versicolor (1) | C117: =COUNTIFS($G$91:$G$110,1,$P$91:$P$110,0) -> 0 | D117: =COUNTIFS($G$91:$G$110,1,$P$91:$P$110,1) -> 10 | I117: Recall | J117: =IFERROR(D117/(D117+C117)*100,0) -> 100
I118: F1-Score | J118: =IFERROR(2*(J116*J117)/(J116+J117),0) -> 66.666667
I119: Kelas positif = Versicolor (1)

Sheet Epoch 2
A1: EPOCH 2 — TRAINING (80 data)
G2: Setosa = 0 | I2: Learning Rate | K2: ='Konfigurasi Model'!$B$11 -> 0.1
G3: Versicolor = 1 | I3: Bobot bias | N3: dot | O3: Sigmoid | P3: Prediksi | Q3: error | R3: Sum Square Error
A4: EPOCH | B4: No | C4: X1 | D4: X2 | E4: X3 | F4: X4 | G4: TARGET | I4: bias | J4: teta1 | K4: teta2 | L4: teta 3 | M4: teta4 | N4: z | O4: g(z) | T4: dbias | U4: dteta1 | V4: dteta2 | W4: dteta3 | X4: dteta4 | Y4: Akurasi
A5: epoch 2 | B5: 1 | C5: 5.1 | D5: 3.5 | E5: 1.4 | F5: 0.2 | G5: 0 | I5: ='Epoch 1'!I84 -> 0.37596004 | J5: ='Epoch 1'!J84 -> -0.071457626 | K5: ='Epoch 1'!K84 -> 0.059374095 | L5: ='Epoch 1'!L84 -> 0.50900842 | M5: ='Epoch 1'!M84 -> 0.55599671 | N5: =I5+J5*C5+K5*D5+L5*E5+M5*F5 -> 1.0431466 | O5: =1/(1+EXP(-N5)) -> 0.73945669 | P5: =IF(O5>0.5,1,0) -> 1 | Q5: =O5-G5 -> 0.73945669 | R5: =Q5^2 -> 0.5467962 | T5: =2*(O5-G5)*(1-O5)*O5 -> 0.28492818 | U5: =2*(O5-G5)*(1-O5)*O5*C5 -> 1.4531337 | V5: =2*(O5-G5)*(1-O5)*O5*D5 -> 0.99724864 | W5: =2*(O5-G5)*(1-O5)*O5*E5 -> 0.39889945 | X5: =2*(O5-G5)*(1-O5)*O5*F5 -> 0.056985636 | Y5: =IF(P5=G5,1,0) -> 0
B6: 2 | C6: 4.9 | D6: 3 | E6: 1.4 | F6: 0.2 | G6: 0 | I6: =I5-('Konfigurasi Model'!$B$11*T5) -> 0.34746722 | J6: =J5-('Konfigurasi Model'!$B$11*U5) -> -0.216771 | K6: =K5-('Konfigurasi Model'!$B$11*V5) -> -0.040350769 | L6: =L5-('Konfigurasi Model'!$B$11*W5) -> 0.46911847 | M6: =M5-('Konfigurasi Model'!$B$11*X5) -> 0.55029815 | N6: =I6+J6*C6+K6*D6+L6*E6+M6*F6 -> -0.06893749 | O6: =1/(1+EXP(-N6)) -> 0.48277245 | P6: =IF(O6>0.5,1,0) -> 0 | Q6: =O6-G6 -> 0.48277245 | R6: =Q6^2 -> 0.23306924 | T6: =2*(O6-G6)*(1-O6)*O6 -> 0.24109966 | U6: =2*(O6-G6)*(1-O6)*O6*C6 -> 1.1813883 | V6: =2*(O6-G6)*(1-O6)*O6*D6 -> 0.72329899 | W6: =2*(O6-G6)*(1-O6)*O6*E6 -> 0.33753953 | X6: =2*(O6-G6)*(1-O6)*O6*F6 -> 0.048219932 | Y6: =IF(P6=G6,1,0) -> 1
B7: 3 | C7: 4.7 | D7: 3.2 | E7: 1.3 | F7: 0.2 | G7: 0 | I7: =I6-('Konfigurasi Model'!$B$11*T6) -> 0.32335726 | J7: =J6-('Konfigurasi Model'!$B$11*U6) -> -0.33490983 | K7: =K6-('Konfigurasi Model'!$B$11*V6) -> -0.11268067 | L7: =L6-('Konfigurasi Model'!$B$11*W6) -> 0.43536452 | M7: =M6-('Konfigurasi Model'!$B$11*X6) -> 0.54547615 | N7: =I7+J7*C7+K7*D7+L7*E7+M7*F7 -> -0.93622799 | O7: =1/(1+EXP(-N7)) -> 0.2816629 | P7: =IF(O7>0.5,1,0) -> 0 | Q7: =O7-G7 -> 0.2816629 | R7: =Q7^2 -> 0.079333989 | T7: =2*(O7-G7)*(1-O7)*O7 -> 0.1139771 | U7: =2*(O7-G7)*(1-O7)*O7*C7 -> 0.53569235 | V7: =2*(O7-G7)*(1-O7)*O7*D7 -> 0.36472671 | W7: =2*(O7-G7)*(1-O7)*O7*E7 -> 0.14817022 | X7: =2*(O7-G7)*(1-O7)*O7*F7 -> 0.022795419 | Y7: =IF(P7=G7,1,0) -> 1
B8: 4 | C8: 4.6 | D8: 3.1 | E8: 1.5 | F8: 0.2 | G8: 0 | I8: =I7-('Konfigurasi Model'!$B$11*T7) -> 0.31195955 | J8: =J7-('Konfigurasi Model'!$B$11*U7) -> -0.38847907 | K8: =K7-('Konfigurasi Model'!$B$11*V7) -> -0.14915334 | L8: =L7-('Konfigurasi Model'!$B$11*W7) -> 0.4205475 | M8: =M7-('Konfigurasi Model'!$B$11*X7) -> 0.54319661 | N8: =I8+J8*C8+K8*D8+L8*E8+M8*F8 -> -1.1979589 | O8: =1/(1+EXP(-N8)) -> 0.23183851 | P8: =IF(O8>0.5,1,0) -> 0 | Q8: =O8-G8 -> 0.23183851 | R8: =Q8^2 -> 0.053749093 | T8: =2*(O8-G8)*(1-O8)*O8 -> 0.082575968 | U8: =2*(O8-G8)*(1-O8)*O8*C8 -> 0.37984945 | V8: =2*(O8-G8)*(1-O8)*O8*D8 -> 0.2559855 | W8: =2*(O8-G8)*(1-O8)*O8*E8 -> 0.12386395 | X8: =2*(O8-G8)*(1-O8)*O8*F8 -> 0.016515194 | Y8: =IF(P8=G8,1,0) -> 1
B9: 5 | C9: 5 | D9: 3.6 | E9: 1.4 | F9: 0.2 | G9: 0 | I9: =I8-('Konfigurasi Model'!$B$11*T8) -> 0.30370195 | J9: =J8-('Konfigurasi Model'!$B$11*U8) -> -0.42646401 | K9: =K8-('Konfigurasi Model'!$B$11*V8) -> -0.17475189 | L9: =L8-('Konfigurasi Model'!$B$11*W8) -> 0.4081611 | M9: =M8-('Konfigurasi Model'!$B$11*X8) -> 0.54154509 | N9: =I9+J9*C9+K9*D9+L9*E9+M9*F9 -> -1.7779904 | O9: =1/(1+EXP(-N9)) -> 0.14455146 | P9: =IF(O9>0.5,1,0) -> 0 | Q9: =O9-G9 -> 0.14455146 | R9: =Q9^2 -> 0.020895125 | T9: =2*(O9-G9)*(1-O9)*O9 -> 0.035749409 | U9: =2*(O9-G9)*(1-O9)*O9*C9 -> 0.17874704 | V9: =2*(O9-G9)*(1-O9)*O9*D9 -> 0.12869787 | W9: =2*(O9-G9)*(1-O9)*O9*E9 -> 0.050049172 | X9: =2*(O9-G9)*(1-O9)*O9*F9 -> 0.0071498817 | Y9: =IF(P9=G9,1,0) -> 1
B10: 6 | C10: 5.4 | D10: 3.9 | E10: 1.7 | F10: 0.4 | G10: 0 | I10: =I9-('Konfigurasi Model'!$B$11*T9) -> 0.30012701 | J10: =J9-('Konfigurasi Model'!$B$11*U9) -> -0.44433872 | K10: =K9-('Konfigurasi Model'!$B$11*V9) -> -0.18762168 | L10: =L9-('Konfigurasi Model'!$B$11*W9) -> 0.40315618 | M10: =M9-('Konfigurasi Model'!$B$11*X9) -> 0.5408301 | N10: =I10+J10*C10+K10*D10+L10*E10+M10*F10 -> -1.929329 | O10: =1/(1+EXP(-N10)) -> 0.12682486 | P10: =IF(O10>0.5,1,0) -> 0 | Q10: =O10-G10 -> 0.12682486 | R10: =Q10^2 -> 0.016084546 | T10: =2*(O10-G10)*(1-O10)*O10 -> 0.028089251 | U10: =2*(O10-G10)*(1-O10)*O10*C10 -> 0.15168196 | V10: =2*(O10-G10)*(1-O10)*O10*D10 -> 0.10954808 | W10: =2*(O10-G10)*(1-O10)*O10*E10 -> 0.047751727 | X10: =2*(O10-G10)*(1-O10)*O10*F10 -> 0.0112357 | Y10: =IF(P10=G10,1,0) -> 1
B11: 7 | C11: 4.6 | D11: 3.4 | E11: 1.4 | F11: 0.3 | G11: 0 | I11: =I10-('Konfigurasi Model'!$B$11*T10) -> 0.29731808 | J11: =J10-('Konfigurasi Model'!$B$11*U10) -> -0.45950691 | K11: =K10-('Konfigurasi Model'!$B$11*V10) -> -0.19857648 | L11: =L10-('Konfigurasi Model'!$B$11*W10) -> 0.39838101 | M11: =M10-('Konfigurasi Model'!$B$11*X10) -> 0.53970653 | N11: =I11+J11*C11+K11*D11+L11*E11+M11*F11 -> -1.7719284 | O11: =1/(1+EXP(-N11)) -> 0.14530268 | P11: =IF(O11>0.5,1,0) -> 0 | Q11: =O11-G11 -> 0.14530268 | R11: =Q11^2 -> 0.021112869 | T11: =2*(O11-G11)*(1-O11)*O11 -> 0.036090225 | U11: =2*(O11-G11)*(1-O11)*O11*C11 -> 0.16601503 | V11: =2*(O11-G11)*(1-O11)*O11*D11 -> 0.12270676 | W11: =2*(O11-G11)*(1-O11)*O11*E11 -> 0.050526314 | X11: =2*(O11-G11)*(1-O11)*O11*F11 -> 0.010827067 | Y11: =IF(P11=G11,1,0) -> 1
B12: 8 | C12: 5 | D12: 3.4 | E12: 1.5 | F12: 0.2 | G12: 0 | I12: =I11-('Konfigurasi Model'!$B$11*T11) -> 0.29370906 | J12: =J11-('Konfigurasi Model'!$B$11*U11) -> -0.47610842 | K12: =K11-('Konfigurasi Model'!$B$11*V11) -> -0.21084716 | L12: =L11-('Konfigurasi Model'!$B$11*W11) -> 0.39332838 | M12: =M11-('Konfigurasi Model'!$B$11*X11) -> 0.53862383 | N12: =I12+J12*C12+K12*D12+L12*E12+M12*F12 -> -2.105996 | O12: =1/(1+EXP(-N12)) -> 0.1085154 | P12: =IF(O12>0.5,1,0) -> 0 | Q12: =O12-G12 -> 0.1085154 | R12: =Q12^2 -> 0.011775593 | T12: =2*(O12-G12)*(1-O12)*O12 -> 0.020995519 | U12: =2*(O12-G12)*(1-O12)*O12*C12 -> 0.1049776 | V12: =2*(O12-G12)*(1-O12)*O12*D12 -> 0.071384765 | W12: =2*(O12-G12)*(1-O12)*O12*E12 -> 0.031493279 | X12: =2*(O12-G12)*(1-O12)*O12*F12 -> 0.0041991038 | Y12: =IF(P12=G12,1,0) -> 1
B13: 9 | C13: 4.4 | D13: 2.9 | E13: 1.4 | F13: 0.2 | G13: 0 | I13: =I12-('Konfigurasi Model'!$B$11*T12) -> 0.29160951 | J13: =J12-('Konfigurasi Model'!$B$11*U12) -> -0.48660618 | K13: =K12-('Konfigurasi Model'!$B$11*V12) -> -0.21798564 | L13: =L12-('Konfigurasi Model'!$B$11*W12) -> 0.39017905 | M13: =M12-('Konfigurasi Model'!$B$11*X12) -> 0.53820392 | N13: =I13+J13*C13+K13*D13+L13*E13+M13*F13 -> -1.8277246 | O13: =1/(1+EXP(-N13)) -> 0.13850957 | P13: =IF(O13>0.5,1,0) -> 0 | Q13: =O13-G13 -> 0.13850957 | R13: =Q13^2 -> 0.0191849 | T13: =2*(O13-G13)*(1-O13)*O13 -> 0.033055216 | U13: =2*(O13-G13)*(1-O13)*O13*C13 -> 0.14544295 | V13: =2*(O13-G13)*(1-O13)*O13*D13 -> 0.095860126 | W13: =2*(O13-G13)*(1-O13)*O13*E13 -> 0.046277302 | X13: =2*(O13-G13)*(1-O13)*O13*F13 -> 0.0066110432 | Y13: =IF(P13=G13,1,0) -> 1
B14: 10 | C14: 4.9 | D14: 3.1 | E14: 1.5 | F14: 0.1 | G14: 0 | I14: =I13-('Konfigurasi Model'!$B$11*T13) -> 0.28830399 | J14: =J13-('Konfigurasi Model'!$B$11*U13) -> -0.50115047 | K14: =K13-('Konfigurasi Model'!$B$11*V13) -> -0.22757165 | L14: =L13-('Konfigurasi Model'!$B$11*W13) -> 0.38555132 | M14: =M13-('Konfigurasi Model'!$B$11*X13) -> 0.53754281 | N14: =I14+J14*C14+K14*D14+L14*E14+M14*F14 -> -2.2407242 | O14: =1/(1+EXP(-N14)) -> 0.096152588 | P14: =IF(O14>0.5,1,0) -> 0 | Q14: =O14-G14 -> 0.096152588 | R14: =Q14^2 -> 0.0092453202 | T14: =2*(O14-G14)*(1-O14)*O14 -> 0.016712717 | U14: =2*(O14-G14)*(1-O14)*O14*C14 -> 0.081892315 | V14: =2*(O14-G14)*(1-O14)*O14*D14 -> 0.051809424 | W14: =2*(O14-G14)*(1-O14)*O14*E14 -> 0.025069076 | X14: =2*(O14-G14)*(1-O14)*O14*F14 -> 0.0016712717 | Y14: =IF(P14=G14,1,0) -> 1
B15: 11 | C15: 5.4 | D15: 3.7 | E15: 1.5 | F15: 0.2 | G15: 0 | I15: =I14-('Konfigurasi Model'!$B$11*T14) -> 0.28663272 | J15: =J14-('Konfigurasi Model'!$B$11*U14) -> -0.5093397 | K15: =K14-('Konfigurasi Model'!$B$11*V14) -> -0.23275259 | L15: =L14-('Konfigurasi Model'!$B$11*W14) -> 0.38304441 | M15: =M14-('Konfigurasi Model'!$B$11*X14) -> 0.53737569 | N15: =I15+J15*C15+K15*D15+L15*E15+M15*F15 -> -2.6429445 | O15: =1/(1+EXP(-N15)) -> 0.066425205 | P15: =IF(O15>0.5,1,0) -> 0 | Q15: =O15-G15 -> 0.066425205 | R15: =Q15^2 -> 0.0044123078 | T15: =2*(O15-G15)*(1-O15)*O15 -> 0.0082384388 | U15: =2*(O15-G15)*(1-O15)*O15*C15 -> 0.044487569 | V15: =2*(O15-G15)*(1-O15)*O15*D15 -> 0.030482224 | W15: =2*(O15-G15)*(1-O15)*O15*E15 -> 0.012357658 | X15: =2*(O15-G15)*(1-O15)*O15*F15 -> 0.0016476878 | Y15: =IF(P15=G15,1,0) -> 1
B16: 12 | C16: 4.8 | D16: 3.4 | E16: 1.6 | F16: 0.2 | G16: 0 | I16: =I15-('Konfigurasi Model'!$B$11*T15) -> 0.28580887 | J16: =J15-('Konfigurasi Model'!$B$11*U15) -> -0.51378846 | K16: =K15-('Konfigurasi Model'!$B$11*V15) -> -0.23580081 | L16: =L15-('Konfigurasi Model'!$B$11*W15) -> 0.38180865 | M16: =M15-('Konfigurasi Model'!$B$11*X15) -> 0.53721092 | N16: =I16+J16*C16+K16*D16+L16*E16+M16*F16 -> -2.2637625 | O16: =1/(1+EXP(-N16)) -> 0.094168935 | P16: =IF(O16>0.5,1,0) -> 0 | Q16: =O16-G16 -> 0.094168935 | R16: =Q16^2 -> 0.0088677883 | T16: =2*(O16-G16)*(1-O16)*O16 -> 0.016065436 | U16: =2*(O16-G16)*(1-O16)*O16*C16 -> 0.077114094 | V16: =2*(O16-G16)*(1-O16)*O16*D16 -> 0.054622483 | W16: =2*(O16-G16)*(1-O16)*O16*E16 -> 0.025704698 | X16: =2*(O16-G16)*(1-O16)*O16*F16 -> 0.0032130872 | Y16: =IF(P16=G16,1,0) -> 1
B17: 13 | C17: 4.8 | D17: 3 | E17: 1.4 | F17: 0.1 | G17: 0 | I17: =I16-('Konfigurasi Model'!$B$11*T16) -> 0.28420233 | J17: =J16-('Konfigurasi Model'!$B$11*U16) -> -0.52149987 | K17: =K16-('Konfigurasi Model'!$B$11*V16) -> -0.24126306 | L17: =L16-('Konfigurasi Model'!$B$11*W16) -> 0.37923818 | M17: =M16-('Konfigurasi Model'!$B$11*X16) -> 0.53688961 | N17: =I17+J17*C17+K17*D17+L17*E17+M17*F17 -> -2.3581638 | O17: =1/(1+EXP(-N17)) -> 0.086419053 | P17: =IF(O17>0.5,1,0) -> 0 | Q17: =O17-G17 -> 0.086419053 | R17: =Q17^2 -> 0.0074682527 | T17: =2*(O17-G17)*(1-O17)*O17 -> 0.013645707 | U17: =2*(O17-G17)*(1-O17)*O17*C17 -> 0.065499392 | V17: =2*(O17-G17)*(1-O17)*O17*D17 -> 0.04093712 | W17: =2*(O17-G17)*(1-O17)*O17*E17 -> 0.019103989 | X17: =2*(O17-G17)*(1-O17)*O17*F17 -> 0.0013645707 | Y17: =IF(P17=G17,1,0) -> 1
... B84: 80 | C84: 5.5 | D84: 2.5 | E84: 4 | F84: 1.3 | G84: 1 | I84: =I83-('Konfigurasi Model'!$B$11*T83) -> 0.32179489 | J84: =J83-('Konfigurasi Model'!$B$11*U83) -> -0.19188487 | K84: =K83-('Konfigurasi Model'!$B$11*V83) -> -0.16763045 | L84: =L83-('Konfigurasi Model'!$B$11*W83) -> 0.80316279 | M84: =M83-('Konfigurasi Model'!$B$11*X83) -> 0.6981889 | N84: =I84+J84*C84+K84*D84+L84*E84+M84*F84 -> 2.9676487 | O84: =1/(1+EXP(-N84)) -> 0.95109102 | P84: =IF(O84>0.5,1,0) -> 1 | Q84: =O84-G84 -> -0.048908981 | R84: =Q84^2 -> 0.0023920885 | T84: =2*(O84-G84)*(1-O84)*O84 -> -0.0045501877 | U84: =2*(O84-G84)*(1-O84)*O84*C84 -> -0.025026032 | V84: =2*(O84-G84)*(1-O84)*O84*D84 -> -0.011375469 | W84: =2*(O84-G84)*(1-O84)*O84*E84 -> -0.018200751 | X84: =2*(O84-G84)*(1-O84)*O84*F84 -> -0.005915244 | Y84: =IF(P84=G84,1,0) -> 1
Q85: MSE → | R85: =AVERAGE(R5:R84) -> 0.044862842 | X85: Akurasi → | Y85: =AVERAGE(Y5:Y84) -> 0.9375
A87: EPOCH 2 — TESTING (20 data, bobot = baris 84)
G88: Setosa = 0 | I88: Learning Rate | K88: ='Konfigurasi Model'!$B$11 -> 0.1
G89: Versicolor = 1 | I89: Bobot bias | N89: dot | O89: Sigmoid | P89: Prediksi | Q89: error | R89: Sum Square Error
A90: EPOCH | B90: No | C90: X1 | D90: X2 | E90: X3 | F90: X4 | G90: TARGET | I90: bias | J90: teta1 | K90: teta2 | L90: teta 3 | M90: teta4 | N90: z | O90: g(z) | T90: Akurasi
A91: testing | B91: 1 | C91: 5 | D91: 3.5 | E91: 1.3 | F91: 0.3 | G91: 0 | I91: =I84 -> 0.32179489 | J91: =J84 -> -0.19188487 | K91: =K84 -> -0.16763045 | L91: =L84 -> 0.80316279 | M91: =M84 -> 0.6981889 | N91: =I91+J91*C91+K91*D91+L91*E91+M91*F91 -> 0.029232257 | O91: =1/(1+EXP(-N91)) -> 0.50730754 | P91: =IF(O91>0.5,1,0) -> 1 | Q91: =O91-G91 -> 0.50730754 | R91: =Q91^2 -> 0.25736094 | T91: =IF(P91=G91,1,0) -> 0
B92: 2 | C92: 4.5 | D92: 2.3 | E92: 1.3 | F92: 0.3 | G92: 0 | I92: =I91 -> 0.32179489 | J92: =J91 -> -0.19188487 | K92: =K91 -> -0.16763045 | L92: =L91 -> 0.80316279 | M92: =M91 -> 0.6981889 | N92: =I92+J92*C92+K92*D92+L92*E92+M92*F92 -> 0.32633123 | O92: =1/(1+EXP(-N92)) -> 0.58086644 | P92: =IF(O92>0.5,1,0) -> 1 | Q92: =O92-G92 -> 0.58086644 | R92: =Q92^2 -> 0.33740582 | T92: =IF(P92=G92,1,0) -> 0
B93: 3 | C93: 4.4 | D93: 3.2 | E93: 1.3 | F93: 0.2 | G93: 0 | I93: =I92 -> 0.32179489 | J93: =J92 -> -0.19188487 | K93: =K92 -> -0.16763045 | L93: =L92 -> 0.80316279 | M93: =M92 -> 0.6981889 | N93: =I93+J93*C93+K93*D93+L93*E93+M93*F93 -> 0.12483342 | O93: =1/(1+EXP(-N93)) -> 0.53116789 | P93: =IF(O93>0.5,1,0) -> 1 | Q93: =O93-G93 -> 0.53116789 | R93: =Q93^2 -> 0.28213933 | T93: =IF(P93=G93,1,0) -> 0
B94: 4 | C94: 5 | D94: 3.5 | E94: 1.6 | F94: 0.6 | G94: 0 | I94: =I93 -> 0.32179489 | J94: =J93 -> -0.19188487 | K94: =K93 -> -0.16763045 | L94: =L93 -> 0.80316279 | M94: =M93 -> 0.6981889 | N94: =I94+J94*C94+K94*D94+L94*E94+M94*F94 -> 0.47963777 | O94: =1/(1+EXP(-N94)) -> 0.61766233 | P94: =IF(O94>0.5,1,0) -> 1 | Q94: =O94-G94 -> 0.61766233 | R94: =Q94^2 -> 0.38150676 | T94: =IF(P94=G94,1,0) -> 0
B95: 5 | C95: 5.1 | D95: 3.8 | E95: 1.9 | F95: 0.4 | G95: 0 | I95: =I94 -> 0.32179489 | J95: =J94 -> -0.19188487 | K95: =K94 -> -0.16763045 | L95: =L94 -> 0.80316279 | M95: =M94 -> 0.6981889 | N95: =I95+J95*C95+K95*D95+L95*E95+M95*F95 -> 0.5114712 | O95: =1/(1+EXP(-N95)) -> 0.6251513 | P95: =IF(O95>0.5,1,0) -> 1 | Q95: =O95-G95 -> 0.6251513 | R95: =Q95^2 -> 0.39081414 | T95: =IF(P95=G95,1,0) -> 0
B96: 6 | C96: 4.8 | D96: 3 | E96: 1.4 | F96: 0.3 | G96: 0 | I96: =I95 -> 0.32179489 | J96: =J95 -> -0.19188487 | K96: =K95 -> -0.16763045 | L96: =L95 -> 0.80316279 | M96: =M95 -> 0.6981889 | N96: =I96+J96*C96+K96*D96+L96*E96+M96*F96 -> 0.23174074 | O96: =1/(1+EXP(-N96)) -> 0.55767729 | P96: =IF(O96>0.5,1,0) -> 1 | Q96: =O96-G96 -> 0.55767729 | R96: =Q96^2 -> 0.31100396 | T96: =IF(P96=G96,1,0) -> 0
B97: 7 | C97: 5.1 | D97: 3.8 | E97: 1.6 | F97: 0.2 | G97: 0 | I97: =I96 -> 0.32179489 | J97: =J96 -> -0.19188487 | K97: =K96 -> -0.16763045 | L97: =L96 -> 0.80316279 | M97: =M96 -> 0.6981889 | N97: =I97+J97*C97+K97*D97+L97*E97+M97*F97 -> 0.13088458 | O97: =1/(1+EXP(-N97)) -> 0.53267451 | P97: =IF(O97>0.5,1,0) -> 1 | Q97: =O97-G97 -> 0.53267451 | R97: =Q97^2 -> 0.28374214 | T97: =IF(P97=G97,1,0) -> 0
B98: 8 | C98: 4.6 | D98: 3.2 | E98: 1.4 | F98: 0.2 | G98: 0 | I98: =I97 -> 0.32179489 | J98: =J97 -> -0.19188487 | K98: =K97 -> -0.16763045 | L98: =L97 -> 0.80316279 | M98: =M97 -> 0.6981889 | N98: =I98+J98*C98+K98*D98+L98*E98+M98*F98 -> 0.16677273 | O98: =1/(1+EXP(-N98)) -> 0.54159682 | P98: =IF(O98>0.5,1,0) -> 1 | Q98: =O98-G98 -> 0.54159682 | R98: =Q98^2 -> 0.29332711 | T98: =IF(P98=G98,1,0) -> 0
B99: 9 | C99: 5.3 | D99: 3.7 | E99: 1.5 | F99: 0.2 | G99: 0 | I99: =I98 -> 0.32179489 | J99: =J98 -> -0.19188487 | K99: =K98 -> -0.16763045 | L99: =L98 -> 0.80316279 | M99: =M98 -> 0.6981889 | N99: =I99+J99*C99+K99*D99+L99*E99+M99*F99 -> 0.028954374 | O99: =1/(1+EXP(-N99)) -> 0.50723809 | P99: =IF(O99>0.5,1,0) -> 1 | Q99: =O99-G99 -> 0.50723809 | R99: =Q99^2 -> 0.25729048 | T99: =IF(P99=G99,1,0) -> 0
B100: 10 | C100: 5 | D100: 3.3 | E100: 1.4 | F100: 0.2 | G100: 0 | I100: =I99 -> 0.32179489 | J100: =J99 -> -0.19188487 | K100: =K99 -> -0.16763045 | L100: =L99 -> 0.80316279 | M100: =M99 -> 0.6981889 | N100: =I100+J100*C100+K100*D100+L100*E100+M100*F100 -> 0.073255736 | O100: =1/(1+EXP(-N100)) -> 0.51830575 | P100: =IF(O100>0.5,1,0) -> 1 | Q100: =O100-G100 -> 0.51830575 | R100: =Q100^2 -> 0.26864085 | T100: =IF(P100=G100,1,0) -> 0
B101: 11 | C101: 5.5 | D101: 2.6 | E101: 4.4 | F101: 1.2 | G101: 1 | I101: =I100 -> 0.32179489 | J101: =J100 -> -0.19188487 | K101: =K100 -> -0.16763045 | L101: =L100 -> 0.80316279 | M101: =M100 -> 0.6981889 | N101: =I101+J101*C101+K101*D101+L101*E101+M101*F101 -> 3.2023319 | O101: =1/(1+EXP(-N101)) -> 0.96092194 | P101: =IF(O101>0.5,1,0) -> 1 | Q101: =O101-G101 -> -0.039078063 | R101: =Q101^2 -> 0.001527095 | T101: =IF(P101=G101,1,0) -> 1
B102: 12 | C102: 6.1 | D102: 3 | E102: 4.6 | F102: 1.4 | G102: 1 | I102: =I101 -> 0.32179489 | J102: =J101 -> -0.19188487 | K102: =K101 -> -0.16763045 | L102: =L101 -> 0.80316279 | M102: =M101 -> 0.6981889 | N102: =I102+J102*C102+K102*D102+L102*E102+M102*F102 -> 3.3204191 | O102: =1/(1+EXP(-N102)) -> 0.9651227 | P102: =IF(O102>0.5,1,0) -> 1 | Q102: =O102-G102 -> -0.034877297 | R102: =Q102^2 -> 0.0012164259 | T102: =IF(P102=G102,1,0) -> 1
B103: 13 | C103: 5.8 | D103: 2.6 | E103: 4 | F103: 1.2 | G103: 1 | I103: =I102 -> 0.32179489 | J103: =J102 -> -0.19188487 | K103: =K102 -> -0.16763045 | L103: =L102 -> 0.80316279 | M103: =M102 -> 0.6981889 | N103: =I103+J103*C103+K103*D103+L103*E103+M103*F103 -> 2.8235013 | O103: =1/(1+EXP(-N103)) -> 0.94393266 | P103: =IF(O103>0.5,1,0) -> 1 | Q103: =O103-G103 -> -0.056067342 | R103: =Q103^2 -> 0.0031435468 | T103: =IF(P103=G103,1,0) -> 1
... B110: 20 | C110: 5.7 | D110: 2.8 | E110: 4.1 | F110: 1.3 | G110: 1 | I110: =I109 -> 0.32179489 | J110: =J109 -> -0.19188487 | K110: =K109 -> -0.16763045 | L110: =L109 -> 0.80316279 | M110: =M109 -> 0.6981889 | N110: =I110+J110*C110+K110*D110+L110*E110+M110*F110 -> 2.9592989 | O110: =1/(1+EXP(-N110)) -> 0.95070114 | P110: =IF(O110>0.5,1,0) -> 1 | Q110: =O110-G110 -> -0.049298856 | R110: =Q110^2 -> 0.0024303772 | T110: =IF(P110=G110,1,0) -> 1
Q111: MSE → | R111: =AVERAGE(R91:R110) -> 0.15501014 | T111: =AVERAGE(T91:T110) -> 0.5
A113: Confusion Matrix (data testing) | I113: Evaluation Metrics
C114: Prediksi | I114: Metrik | J114: Hasil (%)
C115: Setosa (0) | D115: Versicolor (1) | I115: Akurasi | J115: =(C116+D117)/SUM(C116:D117)*100 -> 50
A116: Aktual | B116: Setosa (0) | C116: =COUNTIFS($G$91:$G$110,0,$P$91:$P$110,0) -> 0 | D116: =COUNTIFS($G$91:$G$110,0,$P$91:$P$110,1) -> 10 | I116: Presisi | J116: =IFERROR(D117/(D117+D116)*100,0) -> 50
B117: Versicolor (1) | C117: =COUNTIFS($G$91:$G$110,1,$P$91:$P$110,0) -> 0 | D117: =COUNTIFS($G$91:$G$110,1,$P$91:$P$110,1) -> 10 | I117: Recall | J117: =IFERROR(D117/(D117+C117)*100,0) -> 100
I118: F1-Score | J118: =IFERROR(2*(J116*J117)/(J116+J117),0) -> 66.666667
I119: Kelas positif = Versicolor (1)

Sheet Epoch 3
A1: EPOCH 3 — TRAINING (80 data)
G2: Setosa = 0 | I2: Learning Rate | K2: ='Konfigurasi Model'!$B$11 -> 0.1
G3: Versicolor = 1 | I3: Bobot bias | N3: dot | O3: Sigmoid | P3: Prediksi | Q3: error | R3: Sum Square Error
A4: EPOCH | B4: No | C4: X1 | D4: X2 | E4: X3 | F4: X4 | G4: TARGET | I4: bias | J4: teta1 | K4: teta2 | L4: teta 3 | M4: teta4 | N4: z | O4: g(z) | T4: dbias | U4: dteta1 | V4: dteta2 | W4: dteta3 | X4: dteta4 | Y4: Akurasi
A5: epoch 3 | B5: 1 | C5: 5.1 | D5: 3.5 | E5: 1.4 | F5: 0.2 | G5: 0 | I5: ='Epoch 2'!I84 -> 0.32179489 | J5: ='Epoch 2'!J84 -> -0.19188487 | K5: ='Epoch 2'!K84 -> -0.16763045 | L5: ='Epoch 2'!L84 -> 0.80316279 | M5: ='Epoch 2'!M84 -> 0.6981889 | N5: =I5+J5*C5+K5*D5+L5*E5+M5*F5 -> 0.020541159 | O5: =1/(1+EXP(-N5)) -> 0.50513511 | P5: =IF(O5>0.5,1,0) -> 1 | Q5: =O5-G5 -> 0.50513511 | R5: =Q5^2 -> 0.25516148 | T5: =2*(O5-G5)*(1-O5)*O5 -> 0.25254091 | U5: =2*(O5-G5)*(1-O5)*O5*C5 -> 1.2879587 | V5: =2*(O5-G5)*(1-O5)*O5*D5 -> 0.8838932 | W5: =2*(O5-G5)*(1-O5)*O5*E5 -> 0.35355728 | X5: =2*(O5-G5)*(1-O5)*O5*F5 -> 0.050508183 | Y5: =IF(P5=G5,1,0) -> 0
B6: 2 | C6: 4.9 | D6: 3 | E6: 1.4 | F6: 0.2 | G6: 0 | I6: =I5-('Konfigurasi Model'!$B$11*T5) -> 0.2965408 | J6: =J5-('Konfigurasi Model'!$B$11*U5) -> -0.32068074 | K6: =K5-('Konfigurasi Model'!$B$11*V5) -> -0.25601977 | L6: =L5-('Konfigurasi Model'!$B$11*W5) -> 0.76780707 | M6: =M5-('Konfigurasi Model'!$B$11*X5) -> 0.69313809 | N6: =I6+J6*C6+K6*D6+L6*E6+M6*F6 -> -0.82929662 | O6: =1/(1+EXP(-N6)) -> 0.30379382 | P6: =IF(O6>0.5,1,0) -> 0 | Q6: =O6-G6 -> 0.30379382 | R6: =Q6^2 -> 0.092290683 | T6: =2*(O6-G6)*(1-O6)*O6 -> 0.12850669 | U6: =2*(O6-G6)*(1-O6)*O6*C6 -> 0.62968277 | V6: =2*(O6-G6)*(1-O6)*O6*D6 -> 0.38552006 | W6: =2*(O6-G6)*(1-O6)*O6*E6 -> 0.17990936 | X6: =2*(O6-G6)*(1-O6)*O6*F6 -> 0.025701338 | Y6: =IF(P6=G6,1,0) -> 1
B7: 3 | C7: 4.7 | D7: 3.2 | E7: 1.3 | F7: 0.2 | G7: 0 | I7: =I6-('Konfigurasi Model'!$B$11*T6) -> 0.28369013 | J7: =J6-('Konfigurasi Model'!$B$11*U6) -> -0.38364901 | K7: =K6-('Konfigurasi Model'!$B$11*V6) -> -0.29457178 | L7: =L6-('Konfigurasi Model'!$B$11*W6) -> 0.74981613 | M7: =M6-('Konfigurasi Model'!$B$11*X6) -> 0.69056795 | N7: =I7+J7*C7+K7*D7+L7*E7+M7*F7 -> -1.3492154 | O7: =1/(1+EXP(-N7)) -> 0.20599868 | P7: =IF(O7>0.5,1,0) -> 0 | Q7: =O7-G7 -> 0.20599868 | R7: =Q7^2 -> 0.042435456 | T7: =2*(O7-G7)*(1-O7)*O7 -> 0.067387616 | U7: =2*(O7-G7)*(1-O7)*O7*C7 -> 0.31672179 | V7: =2*(O7-G7)*(1-O7)*O7*D7 -> 0.21564037 | W7: =2*(O7-G7)*(1-O7)*O7*E7 -> 0.0876039 | X7: =2*(O7-G7)*(1-O7)*O7*F7 -> 0.013477523 | Y7: =IF(P7=G7,1,0) -> 1
B8: 4 | C8: 4.6 | D8: 3.1 | E8: 1.5 | F8: 0.2 | G8: 0 | I8: =I7-('Konfigurasi Model'!$B$11*T7) -> 0.27695137 | J8: =J7-('Konfigurasi Model'!$B$11*U7) -> -0.41532119 | K8: =K7-('Konfigurasi Model'!$B$11*V7) -> -0.31613581 | L8: =L7-('Konfigurasi Model'!$B$11*W7) -> 0.74105574 | M8: =M7-('Konfigurasi Model'!$B$11*X7) -> 0.6892202 | N8: =I8+J8*C8+K8*D8+L8*E8+M8*F8 -> -1.3641195 | O8: =1/(1+EXP(-N8)) -> 0.20357159 | P8: =IF(O8>0.5,1,0) -> 0 | Q8: =O8-G8 -> 0.20357159 | R8: =Q8^2 -> 0.041441393 | T8: =2*(O8-G8)*(1-O8)*O8 -> 0.066010205 | U8: =2*(O8-G8)*(1-O8)*O8*C8 -> 0.30364694 | V8: =2*(O8-G8)*(1-O8)*O8*D8 -> 0.20463163 | W8: =2*(O8-G8)*(1-O8)*O8*E8 -> 0.099015307 | X8: =2*(O8-G8)*(1-O8)*O8*F8 -> 0.013202041 | Y8: =IF(P8=G8,1,0) -> 1
B9: 5 | C9: 5 | D9: 3.6 | E9: 1.4 | F9: 0.2 | G9: 0 | I9: =I8-('Konfigurasi Model'!$B$11*T8) -> 0.27035035 | J9: =J8-('Konfigurasi Model'!$B$11*U8) -> -0.44568589 | K9: =K8-('Konfigurasi Model'!$B$11*V8) -> -0.33659898 | L9: =L8-('Konfigurasi Model'!$B$11*W8) -> 0.73115421 | M9: =M8-('Konfigurasi Model'!$B$11*X8) -> 0.68789999 | N9: =I9+J9*C9+K9*D9+L9*E9+M9*F9 -> -2.0086395 | O9: =1/(1+EXP(-N9)) -> 0.11829881 | P9: =IF(O9>0.5,1,0) -> 0 | Q9: =O9-G9 -> 0.11829881 | R9: =Q9^2 -> 0.013994608 | T9: =2*(O9-G9)*(1-O9)*O9 -> 0.024678125 | U9: =2*(O9-G9)*(1-O9)*O9*C9 -> 0.12339062 | V9: =2*(O9-G9)*(1-O9)*O9*D9 -> 0.088841249 | W9: =2*(O9-G9)*(1-O9)*O9*E9 -> 0.034549375 | X9: =2*(O9-G9)*(1-O9)*O9*F9 -> 0.004935625 | Y9: =IF(P9=G9,1,0) -> 1
B10: 6 | C10: 5.4 | D10: 3.9 | E10: 1.7 | F10: 0.4 | G10: 0 | I10: =I9-('Konfigurasi Model'!$B$11*T9) -> 0.26788253 | J10: =J9-('Konfigurasi Model'!$B$11*U9) -> -0.45802495 | K10: =K9-('Konfigurasi Model'!$B$11*V9) -> -0.3454831 | L10: =L9-('Konfigurasi Model'!$B$11*W9) -> 0.72769927 | M10: =M9-('Konfigurasi Model'!$B$11*X9) -> 0.68740643 | N10: =I10+J10*C10+K10*D10+L10*E10+M10*F10 -> -2.040785 | O10: =1/(1+EXP(-N10)) -> 0.11498683 | P10: =IF(O10>0.5,1,0) -> 0 | Q10: =O10-G10 -> 0.11498683 | R10: =Q10^2 -> 0.01322197 | T10: =2*(O10-G10)*(1-O10)*O10 -> 0.023403235 | U10: =2*(O10-G10)*(1-O10)*O10*C10 -> 0.12637747 | V10: =2*(O10-G10)*(1-O10)*O10*D10 -> 0.091272618 | W10: =2*(O10-G10)*(1-O10)*O10*E10 -> 0.0397855 | X10: =2*(O10-G10)*(1-O10)*O10*F10 -> 0.0093612942 | Y10: =IF(P10=G10,1,0) -> 1
B11: 7 | C11: 4.6 | D11: 3.4 | E11: 1.4 | F11: 0.3 | G11: 0 | I11: =I10-('Konfigurasi Model'!$B$11*T10) -> 0.26554221 | J11: =J10-('Konfigurasi Model'!$B$11*U10) -> -0.4706627 | K11: =K10-('Konfigurasi Model'!$B$11*V10) -> -0.35461036 | L11: =L10-('Konfigurasi Model'!$B$11*W10) -> 0.72372072 | M11: =M10-('Konfigurasi Model'!$B$11*X10) -> 0.6864703 | N11: =I11+J11*C11+K11*D11+L11*E11+M11*F11 -> -1.8860313 | O11: =1/(1+EXP(-N11)) -> 0.13169764 | P11: =IF(O11>0.5,1,0) -> 0 | Q11: =O11-G11 -> 0.13169764 | R11: =Q11^2 -> 0.017344267 | T11: =2*(O11-G11)*(1-O11)*O11 -> 0.030120137 | U11: =2*(O11-G11)*(1-O11)*O11*C11 -> 0.13855263 | V11: =2*(O11-G11)*(1-O11)*O11*D11 -> 0.10240846 | W11: =2*(O11-G11)*(1-O11)*O11*E11 -> 0.042168191 | X11: =2*(O11-G11)*(1-O11)*O11*F11 -> 0.009036041 | Y11: =IF(P11=G11,1,0) -> 1
B12: 8 | C12: 5 | D12: 3.4 | E12: 1.5 | F12: 0.2 | G12: 0 | I12: =I11-('Konfigurasi Model'!$B$11*T11) -> 0.2625302 | J12: =J11-('Konfigurasi Model'!$B$11*U11) -> -0.48451796 | K12: =K11-('Konfigurasi Model'!$B$11*V11) -> -0.36485121 | L12: =L11-('Konfigurasi Model'!$B$11*W11) -> 0.7195039 | M12: =M11-('Konfigurasi Model'!$B$11*X11) -> 0.6855667 | N12: =I12+J12*C12+K12*D12+L12*E12+M12*F12 -> -2.1841845 | O12: =1/(1+EXP(-N12)) -> 0.10117974 | P12: =IF(O12>0.5,1,0) -> 0 | Q12: =O12-G12 -> 0.10117974 | R12: =Q12^2 -> 0.01023734 | T12: =2*(O12-G12)*(1-O12)*O12 -> 0.018403057 | U12: =2*(O12-G12)*(1-O12)*O12*C12 -> 0.092015286 | V12: =2*(O12-G12)*(1-O12)*O12*D12 -> 0.062570394 | W12: =2*(O12-G12)*(1-O12)*O12*E12 -> 0.027604586 | X12: =2*(O12-G12)*(1-O12)*O12*F12 -> 0.0036806114 | Y12: =IF(P12=G12,1,0) -> 1
B13: 9 | C13: 4.4 | D13: 2.9 | E13: 1.4 | F13: 0.2 | G13: 0 | I13: =I12-('Konfigurasi Model'!$B$11*T12) -> 0.26068989 | J13: =J12-('Konfigurasi Model'!$B$11*U12) -> -0.49371949 | K13: =K12-('Konfigurasi Model'!$B$11*V12) -> -0.37110825 | L13: =L12-('Konfigurasi Model'!$B$11*W12) -> 0.71674344 | M13: =M12-('Konfigurasi Model'!$B$11*X12) -> 0.68519864 | N13: =I13+J13*C13+K13*D13+L13*E13+M13*F13 -> -1.8474092 | O13: =1/(1+EXP(-N13)) -> 0.13617737 | P13: =IF(O13>0.5,1,0) -> 0 | Q13: =O13-G13 -> 0.13617737 | R13: =Q13^2 -> 0.018544276 | T13: =2*(O13-G13)*(1-O13)*O13 -> 0.03203793 | U13: =2*(O13-G13)*(1-O13)*O13*C13 -> 0.14096689 | V13: =2*(O13-G13)*(1-O13)*O13*D13 -> 0.092909998 | W13: =2*(O13-G13)*(1-O13)*O13*E13 -> 0.044853102 | X13: =2*(O13-G13)*(1-O13)*O13*F13 -> 0.006407586 | Y13: =IF(P13=G13,1,0) -> 1
B14: 10 | C14: 4.9 | D14: 3.1 | E14: 1.5 | F14: 0.1 | G14: 0 | I14: =I13-('Konfigurasi Model'!$B$11*T13) -> 0.2574861 | J14: =J13-('Konfigurasi Model'!$B$11*U13) -> -0.50781618 | K14: =K13-('Konfigurasi Model'!$B$11*V13) -> -0.38039925 | L14: =L13-('Konfigurasi Model'!$B$11*W13) -> 0.71225813 | M14: =M13-('Konfigurasi Model'!$B$11*X13) -> 0.68455788 | N14: =I14+J14*C14+K14*D14+L14*E14+M14*F14 -> -2.2732079 | O14: =1/(1+EXP(-N14)) -> 0.093366315 | P14: =IF(O14>0.5,1,0) -> 0 | Q14: =O14-G14 -> 0.093366315 | R14: =Q14^2 -> 0.0087172688 | T14: =2*(O14-G14)*(1-O14)*O14 -> 0.015806739 | U14: =2*(O14-G14)*(1-O14)*O14*C14 -> 0.077453021 | V14: =2*(O14-G14)*(1-O14)*O14*D14 -> 0.049000891 | W14: =2*(O14-G14)*(1-O14)*O14*E14 -> 0.023710109 | X14: =2*(O14-G14)*(1-O14)*O14*F14 -> 0.0015806739 | Y14: =IF(P14=G14,1,0) -> 1
B15: 11 | C15: 5.4 | D15: 3.7 | E15: 1.5 | F15: 0.2 | G15: 0 | I15: =I14-('Konfigurasi Model'!$B$11*T14) -> 0.25590542 | J15: =J14-('Konfigurasi Model'!$B$11*U14) -> -0.51556148 | K15: =K14-('Konfigurasi Model'!$B$11*V14) -> -0.38529934 | L15: =L14-('Konfigurasi Model'!$B$11*W14) -> 0.70988712 | M15: =M14-('Konfigurasi Model'!$B$11*X14) -> 0.68439981 | N15: =I15+J15*C15+K15*D15+L15*E15+M15*F15 -> -2.7520235 | O15: =1/(1+EXP(-N15)) -> 0.059972473 | P15: =IF(O15>0.5,1,0) -> 0 | Q15: =O15-G15 -> 0.059972473 | R15: =Q15^2 -> 0.0035966975 | T15: =2*(O15-G15)*(1-O15)*O15 -> 0.0067619894 | U15: =2*(O15-G15)*(1-O15)*O15*C15 -> 0.036514743 | V15: =2*(O15-G15)*(1-O15)*O15*D15 -> 0.025019361 | W15: =2*(O15-G15)*(1-O15)*O15*E15 -> 0.010142984 | X15: =2*(O15-G15)*(1-O15)*O15*F15 -> 0.0013523979 | Y15: =IF(P15=G15,1,0) -> 1
B16: 12 | C16: 4.8 | D16: 3.4 | E16: 1.6 | F16: 0.2 | G16: 0 | I16: =I15-('Konfigurasi Model'!$B$11*T15) -> 0.25522922 | J16: =J15-('Konfigurasi Model'!$B$11*U15) -> -0.51921296 | K16: =K15-('Konfigurasi Model'!$B$11*V15) -> -0.38780128 | L16: =L15-('Konfigurasi Model'!$B$11*W15) -> 0.70887282 | M16: =M15-('Konfigurasi Model'!$B$11*X15) -> 0.68426457 | N16: =I16+J16*C16+K16*D16+L16*E16+M16*F16 -> -2.2844679 | O16: =1/(1+EXP(-N16)) -> 0.092417521 | P16: =IF(O16>0.5,1,0) -> 0 | Q16: =O16-G16 -> 0.092417521 | R16: =Q16^2 -> 0.0085409982 | T16: =2*(O16-G16)*(1-O16)*O16 -> 0.015503321 | U16: =2*(O16-G16)*(1-O16)*O16*C16 -> 0.074415939 | V16: =2*(O16-G16)*(1-O16)*O16*D16 -> 0.05271129 | W16: =2*(O16-G16)*(1-O16)*O16*E16 -> 0.024805313 | X16: =2*(O16-G16)*(1-O16)*O16*F16 -> 0.0031006641 | Y16: =IF(P16=G16,1,0) -> 1
B17: 13 | C17: 4.8 | D17: 3 | E17: 1.4 | F17: 0.1 | G17: 0 | I17: =I16-('Konfigurasi Model'!$B$11*T16) -> 0.25367889 | J17: =J16-('Konfigurasi Model'!$B$11*U16) -> -0.52665455 | K17: =K16-('Konfigurasi Model'!$B$11*V16) -> -0.3930724 | L17: =L16-('Konfigurasi Model'!$B$11*W16) -> 0.70639229 | M17: =M16-('Konfigurasi Model'!$B$11*X16) -> 0.68395451 | N17: =I17+J17*C17+K17*D17+L17*E17+M17*F17 -> -2.3961355 | O17: =1/(1+EXP(-N17)) -> 0.083467859 | P17: =IF(O17>0.5,1,0) -> 0 | Q17: =O17-G17 -> 0.083467859 | R17: =Q17^2 -> 0.0069668835 | T17: =2*(O17-G17)*(1-O17)*O17 -> 0.012770745 | U17: =2*(O17-G17)*(1-O17)*O17*C17 -> 0.061299578 | V17: =2*(O17-G17)*(1-O17)*O17*D17 -> 0.038312236 | W17: =2*(O17-G17)*(1-O17)*O17*E17 -> 0.017879044 | X17: =2*(O17-G17)*(1-O17)*O17*F17 -> 0.0012770745 | Y17: =IF(P17=G17,1,0) -> 1
... B84: 80 | C84: 5.5 | D84: 2.5 | E84: 4 | F84: 1.3 | G84: 1 | I84: =I83-('Konfigurasi Model'!$B$11*T83) -> 0.28099155 | J84: =J83-('Konfigurasi Model'!$B$11*U83) -> -0.27479994 | K84: =K83-('Konfigurasi Model'!$B$11*V83) -> -0.34353624 | L84: =L83-('Konfigurasi Model'!$B$11*W83) -> 1.0214763 | M84: =M83-('Konfigurasi Model'!$B$11*X83) -> 0.80103511 | N84: =I84+J84*C84+K84*D84+L84*E84+M84*F84 -> 3.0380022 | O84: =1/(1+EXP(-N84)) -> 0.95426171 | P84: =IF(O84>0.5,1,0) -> 1 | Q84: =O84-G84 -> -0.045738286 | R84: =Q84^2 -> 0.0020919908 | T84: =2*(O84-G84)*(1-O84)*O84 -> -0.0039926135 | U84: =2*(O84-G84)*(1-O84)*O84*C84 -> -0.021959374 | V84: =2*(O84-G84)*(1-O84)*O84*D84 -> -0.0099815337 | W84: =2*(O84-G84)*(1-O84)*O84*E84 -> -0.015970454 | X84: =2*(O84-G84)*(1-O84)*O84*F84 -> -0.0051903975 | Y84: =IF(P84=G84,1,0) -> 1
Q85: MSE → | R85: =AVERAGE(R5:R84) -> 0.023811702 | X85: Akurasi → | Y85: =AVERAGE(Y5:Y84) -> 0.975
A87: EPOCH 3 — TESTING (20 data, bobot = baris 84)
G88: Setosa = 0 | I88: Learning Rate | K88: ='Konfigurasi Model'!$B$11 -> 0.1
G89: Versicolor = 1 | I89: Bobot bias | N89: dot | O89: Sigmoid | P89: Prediksi | Q89: error | R89: Sum Square Error
A90: EPOCH | B90: No | C90: X1 | D90: X2 | E90: X3 | F90: X4 | G90: TARGET | I90: bias | J90: teta1 | K90: teta2 | L90: teta 3 | M90: teta4 | N90: z | O90: g(z) | T90: Akurasi
A91: testing | B91: 1 | C91: 5 | D91: 3.5 | E91: 1.3 | F91: 0.3 | G91: 0 | I91: =I84 -> 0.28099155 | J91: =J84 -> -0.27479994 | K91: =K84 -> -0.34353624 | L91: =L84 -> 1.0214763 | M91: =M84 -> 0.80103511 | N91: =I91+J91*C91+K91*D91+L91*E91+M91*F91 -> -0.72715523 | O91: =1/(1+EXP(-N91)) -> 0.3258193 | P91: =IF(O91>0.5,1,0) -> 0 | Q91: =O91-G91 -> 0.3258193 | R91: =Q91^2 -> 0.10615822 | T91: =IF(P91=G91,1,0) -> 1
B92: 2 | C92: 4.5 | D92: 2.3 | E92: 1.3 | F92: 0.3 | G92: 0 | I92: =I91 -> 0.28099155 | J92: =J91 -> -0.27479994 | K92: =K91 -> -0.34353624 | L92: =L91 -> 1.0214763 | M92: =M91 -> 0.80103511 | N92: =I92+J92*C92+K92*D92+L92*E92+M92*F92 -> -0.17751177 | O92: =1/(1+EXP(-N92)) -> 0.45573822 | P92: =IF(O92>0.5,1,0) -> 0 | Q92: =O92-G92 -> 0.45573822 | R92: =Q92^2 -> 0.20769733 | T92: =IF(P92=G92,1,0) -> 1
B93: 3 | C93: 4.4 | D93: 3.2 | E93: 1.3 | F93: 0.2 | G93: 0 | I93: =I92 -> 0.28099155 | J93: =J92 -> -0.27479994 | K93: =K92 -> -0.34353624 | L93: =L92 -> 1.0214763 | M93: =M92 -> 0.80103511 | N93: =I93+J93*C93+K93*D93+L93*E93+M93*F93 -> -0.5393179 | O93: =1/(1+EXP(-N93)) -> 0.36834627 | P93: =IF(O93>0.5,1,0) -> 0 | Q93: =O93-G93 -> 0.36834627 | R93: =Q93^2 -> 0.13567897 | T93: =IF(P93=G93,1,0) -> 1
B94: 4 | C94: 5 | D94: 3.5 | E94: 1.6 | F94: 0.6 | G94: 0 | I94: =I93 -> 0.28099155 | J94: =J93 -> -0.27479994 | K94: =K93 -> -0.34353624 | L94: =L93 -> 1.0214763 | M94: =M93 -> 0.80103511 | N94: =I94+J94*C94+K94*D94+L94*E94+M94*F94 -> -0.18040179 | O94: =1/(1+EXP(-N94)) -> 0.45502147 | P94: =IF(O94>0.5,1,0) -> 0 | Q94: =O94-G94 -> 0.45502147 | R94: =Q94^2 -> 0.20704454 | T94: =IF(P94=G94,1,0) -> 1
B95: 5 | C95: 5.1 | D95: 3.8 | E95: 1.9 | F95: 0.4 | G95: 0 | I95: =I94 -> 0.28099155 | J95: =J94 -> -0.27479994 | K95: =K94 -> -0.34353624 | L95: =L94 -> 1.0214763 | M95: =M94 -> 0.80103511 | N95: =I95+J95*C95+K95*D95+L95*E95+M95*F95 -> -0.16470678 | O95: =1/(1+EXP(-N95)) -> 0.45891614 | P95: =IF(O95>0.5,1,0) -> 0 | Q95: =O95-G95 -> 0.45891614 | R95: =Q95^2 -> 0.21060402 | T95: =IF(P95=G95,1,0) -> 1
B96: 6 | C96: 4.8 | D96: 3 | E96: 1.4 | F96: 0.3 | G96: 0 | I96: =I95 -> 0.28099155 | J96: =J95 -> -0.27479994 | K96: =K95 -> -0.34353624 | L96: =L95 -> 1.0214763 | M96: =M95 -> 0.80103511 | N96: =I96+J96*C96+K96*D96+L96*E96+M96*F96 -> -0.39827948 | O96: =1/(1+EXP(-N96)) -> 0.40172578 | P96: =IF(O96>0.5,1,0) -> 0 | Q96: =O96-G96 -> 0.40172578 | R96: =Q96^2 -> 0.1613836 | T96: =IF(P96=G96,1,0) -> 1
B97: 7 | C97: 5.1 | D97: 3.8 | E97: 1.6 | F97: 0.2 | G97: 0 | I97: =I96 -> 0.28099155 | J97: =J96 -> -0.27479994 | K97: =K96 -> -0.34353624 | L97: =L96 -> 1.0214763 | M97: =M96 -> 0.80103511 | N97: =I97+J97*C97+K97*D97+L97*E97+M97*F97 -> -0.6313567 | O97: =1/(1+EXP(-N97)) -> 0.34720297 | P97: =IF(O97>0.5,1,0) -> 0 | Q97: =O97-G97 -> 0.34720297 | R97: =Q97^2 -> 0.1205499 | T97: =IF(P97=G97,1,0) -> 1
B98: 8 | C98: 4.6 | D98: 3.2 | E98: 1.4 | F98: 0.2 | G98: 0 | I98: =I97 -> 0.28099155 | J98: =J97 -> -0.27479994 | K98: =K97 -> -0.34353624 | L98: =L97 -> 1.0214763 | M98: =M97 -> 0.80103511 | N98: =I98+J98*C98+K98*D98+L98*E98+M98*F98 -> -0.49213026 | O98: =1/(1+EXP(-N98)) -> 0.37939186 | P98: =IF(O98>0.5,1,0) -> 0 | Q98: =O98-G98 -> 0.37939186 | R98: =Q98^2 -> 0.14393819 | T98: =IF(P98=G98,1,0) -> 1
B99: 9 | C99: 5.3 | D99: 3.7 | E99: 1.5 | F99: 0.2 | G99: 0 | I99: =I98 -> 0.28099155 | J99: =J98 -> -0.27479994 | K99: =K98 -> -0.34353624 | L99: =L98 -> 1.0214763 | M99: =M98 -> 0.80103511 | N99: =I99+J99*C99+K99*D99+L99*E99+M99*F99 -> -0.7541107 | O99: =1/(1+EXP(-N99)) -> 0.31992626 | P99: =IF(O99>0.5,1,0) -> 0 | Q99: =O99-G99 -> 0.31992626 | R99: =Q99^2 -> 0.10235281 | T99: =IF(P99=G99,1,0) -> 1
B100: 10 | C100: 5 | D100: 3.3 | E100: 1.4 | F100: 0.2 | G100: 0 | I100: =I99 -> 0.28099155 | J100: =J99 -> -0.27479994 | K100: =K99 -> -0.34353624 | L100: =L99 -> 1.0214763 | M100: =M99 -> 0.80103511 | N100: =I100+J100*C100+K100*D100+L100*E100+M100*F100 -> -0.63640385 | O100: =1/(1+EXP(-N100)) -> 0.3460599 | P100: =IF(O100>0.5,1,0) -> 0 | Q100: =O100-G100 -> 0.3460599 | R100: =Q100^2 -> 0.11975746 | T100: =IF(P100=G100,1,0) -> 1
B101: 11 | C101: 5.5 | D101: 2.6 | E101: 4.4 | F101: 1.2 | G101: 1 | I101: =I100 -> 0.28099155 | J101: =J100 -> -0.27479994 | K101: =K100 -> -0.34353624 | L101: =L100 -> 1.0214763 | M101: =M100 -> 0.80103511 | N101: =I101+J101*C101+K101*D101+L101*E101+M101*F101 -> 3.3321356 | O101: =1/(1+EXP(-N101)) -> 0.96551495 | P101: =IF(O101>0.5,1,0) -> 1 | Q101: =O101-G101 -> -0.034485051 | R101: =Q101^2 -> 0.0011892188 | T101: =IF(P101=G101,1,0) -> 1
B102: 12 | C102: 6.1 | D102: 3 | E102: 4.6 | F102: 1.4 | G102: 1 | I102: =I101 -> 0.28099155 | J102: =J101 -> -0.27479994 | K102: =K101 -> -0.34353624 | L102: =L101 -> 1.0214763 | M102: =M101 -> 0.80103511 | N102: =I102+J102*C102+K102*D102+L102*E102+M102*F102 -> 3.3943435 | O102: =1/(1+EXP(-N102)) -> 0.96752729 | P102: =IF(O102>0.5,1,0) -> 1 | Q102: =O102-G102 -> -0.032472714 | R102: =Q102^2 -> 0.0010544771 | T102: =IF(P102=G102,1,0) -> 1
B103: 13 | C103: 5.8 | D103: 2.6 | E103: 4 | F103: 1.2 | G103: 1 | I103: =I102 -> 0.28099155 | J103: =J102 -> -0.27479994 | K103: =K102 -> -0.34353624 | L103: =L102 -> 1.0214763 | M103: =M102 -> 0.80103511 | N103: =I103+J103*C103+K103*D103+L103*E103+M103*F103 -> 2.8411051 | O103: =1/(1+EXP(-N103)) -> 0.94485707 | P103: =IF(O103>0.5,1,0) -> 1 | Q103: =O103-G103 -> -0.05514293 | R103: =Q103^2 -> 0.0030407427 | T103: =IF(P103=G103,1,0) -> 1
... B110: 20 | C110: 5.7 | D110: 2.8 | E110: 4.1 | F110: 1.3 | G110: 1 | I110: =I109 -> 0.28099155 | J110: =J109 -> -0.27479994 | K110: =K109 -> -0.34353624 | L110: =L109 -> 1.0214763 | M110: =M109 -> 0.80103511 | N110: =I110+J110*C110+K110*D110+L110*E110+M110*F110 -> 2.982129 | O110: =1/(1+EXP(-N110)) -> 0.95176021 | P110: =IF(O110>0.5,1,0) -> 1 | Q110: =O110-G110 -> -0.048239785 | R110: =Q110^2 -> 0.0023270769 | T110: =IF(P110=G110,1,0) -> 1
Q111: MSE → | R111: =AVERAGE(R91:R110) -> 0.077740282 | T111: =AVERAGE(T91:T110) -> 1
A113: Confusion Matrix (data testing) | I113: Evaluation Metrics
C114: Prediksi | I114: Metrik | J114: Hasil (%)
C115: Setosa (0) | D115: Versicolor (1) | I115: Akurasi | J115: =(C116+D117)/SUM(C116:D117)*100 -> 100
A116: Aktual | B116: Setosa (0) | C116: =COUNTIFS($G$91:$G$110,0,$P$91:$P$110,0) -> 10 | D116: =COUNTIFS($G$91:$G$110,0,$P$91:$P$110,1) -> 0 | I116: Presisi | J116: =IFERROR(D117/(D117+D116)*100,0) -> 100
B117: Versicolor (1) | C117: =COUNTIFS($G$91:$G$110,1,$P$91:$P$110,0) -> 0 | D117: =COUNTIFS($G$91:$G$110,1,$P$91:$P$110,1) -> 10 | I117: Recall | J117: =IFERROR(D117/(D117+C117)*100,0) -> 100
I118: F1-Score | J118: =IFERROR(2*(J116*J117)/(J116+J117),0) -> 100
I119: Kelas positif = Versicolor (1)

Sheet Epoch 4
A1: EPOCH 4 — TRAINING (80 data)
G2: Setosa = 0 | I2: Learning Rate | K2: ='Konfigurasi Model'!$B$11 -> 0.1
G3: Versicolor = 1 | I3: Bobot bias | N3: dot | O3: Sigmoid | P3: Prediksi | Q3: error | R3: Sum Square Error
A4: EPOCH | B4: No | C4: X1 | D4: X2 | E4: X3 | F4: X4 | G4: TARGET | I4: bias | J4: teta1 | K4: teta2 | L4: teta 3 | M4: teta4 | N4: z | O4: g(z) | T4: dbias | U4: dteta1 | V4: dteta2 | W4: dteta3 | X4: dteta4 | Y4: Akurasi
A5: epoch 4 | B5: 1 | C5: 5.1 | D5: 3.5 | E5: 1.4 | F5: 0.2 | G5: 0 | I5: ='Epoch 3'!I84 -> 0.28099155 | J5: ='Epoch 3'!J84 -> -0.27479994 | K5: ='Epoch 3'!K84 -> -0.34353624 | L5: ='Epoch 3'!L84 -> 1.0214763 | M5: ='Epoch 3'!M84 -> 0.80103511 | N5: =I5+J5*C5+K5*D5+L5*E5+M5*F5 -> -0.7325911 | O5: =1/(1+EXP(-N5)) -> 0.32462639 | P5: =IF(O5>0.5,1,0) -> 0 | Q5: =O5-G5 -> 0.32462639 | R5: =Q5^2 -> 0.10538229 | T5: =2*(O5-G5)*(1-O5)*O5 -> 0.14234484 | U5: =2*(O5-G5)*(1-O5)*O5*C5 -> 0.72595867 | V5: =2*(O5-G5)*(1-O5)*O5*D5 -> 0.49820693 | W5: =2*(O5-G5)*(1-O5)*O5*E5 -> 0.19928277 | X5: =2*(O5-G5)*(1-O5)*O5*F5 -> 0.028468967 | Y5: =IF(P5=G5,1,0) -> 1
B6: 2 | C6: 4.9 | D6: 3 | E6: 1.4 | F6: 0.2 | G6: 0 | I6: =I5-('Konfigurasi Model'!$B$11*T5) -> 0.26675706 | J6: =J5-('Konfigurasi Model'!$B$11*U5) -> -0.3473958 | K6: =K5-('Konfigurasi Model'!$B$11*V5) -> -0.39335694 | L6: =L5-('Konfigurasi Model'!$B$11*W5) -> 1.0015481 | M6: =M5-('Konfigurasi Model'!$B$11*X5) -> 0.79818821 | N6: =I6+J6*C6+K6*D6+L6*E6+M6*F6 -> -1.0537483 | O6: =1/(1+EXP(-N6)) -> 0.25850598 | P6: =IF(O6>0.5,1,0) -> 0 | Q6: =O6-G6 -> 0.25850598 | R6: =Q6^2 -> 0.066825342 | T6: =2*(O6-G6)*(1-O6)*O6 -> 0.099101183 | U6: =2*(O6-G6)*(1-O6)*O6*C6 -> 0.4855958 | V6: =2*(O6-G6)*(1-O6)*O6*D6 -> 0.29730355 | W6: =2*(O6-G6)*(1-O6)*O6*E6 -> 0.13874166 | X6: =2*(O6-G6)*(1-O6)*O6*F6 -> 0.019820237 | Y6: =IF(P6=G6,1,0) -> 1
B7: 3 | C7: 4.7 | D7: 3.2 | E7: 1.3 | F7: 0.2 | G7: 0 | I7: =I6-('Konfigurasi Model'!$B$11*T6) -> 0.25684694 | J7: =J6-('Konfigurasi Model'!$B$11*U6) -> -0.39595538 | K7: =K6-('Konfigurasi Model'!$B$11*V6) -> -0.42308729 | L7: =L6-('Konfigurasi Model'!$B$11*W6) -> 0.98767389 | M7: =M6-('Konfigurasi Model'!$B$11*X6) -> 0.79620619 | N7: =I7+J7*C7+K7*D7+L7*E7+M7*F7 -> -1.5148054 | O7: =1/(1+EXP(-N7)) -> 0.18022773 | P7: =IF(O7>0.5,1,0) -> 0 | Q7: =O7-G7 -> 0.18022773 | R7: =Q7^2 -> 0.032482033 | T7: =2*(O7-G7)*(1-O7)*O7 -> 0.05325574 | U7: =2*(O7-G7)*(1-O7)*O7*C7 -> 0.25030198 | V7: =2*(O7-G7)*(1-O7)*O7*D7 -> 0.17041837 | W7: =2*(O7-G7)*(1-O7)*O7*E7 -> 0.069232462 | X7: =2*(O7-G7)*(1-O7)*O7*F7 -> 0.010651148 | Y7: =IF(P7=G7,1,0) -> 1
B8: 4 | C8: 4.6 | D8: 3.1 | E8: 1.5 | F8: 0.2 | G8: 0 | I8: =I7-('Konfigurasi Model'!$B$11*T7) -> 0.25152137 | J8: =J7-('Konfigurasi Model'!$B$11*U7) -> -0.42098558 | K8: =K7-('Konfigurasi Model'!$B$11*V7) -> -0.44012913 | L8: =L7-('Konfigurasi Model'!$B$11*W7) -> 0.98075064 | M8: =M7-('Konfigurasi Model'!$B$11*X7) -> 0.79514107 | N8: =I8+J8*C8+K8*D8+L8*E8+M8*F8 -> -1.4192584 | O8: =1/(1+EXP(-N8)) -> 0.19477787 | P8: =IF(O8>0.5,1,0) -> 0 | Q8: =O8-G8 -> 0.19477787 | R8: =Q8^2 -> 0.037938417 | T8: =2*(O8-G8)*(1-O8)*O8 -> 0.061097706 | U8: =2*(O8-G8)*(1-O8)*O8*C8 -> 0.28104945 | V8: =2*(O8-G8)*(1-O8)*O8*D8 -> 0.18940289 | W8: =2*(O8-G8)*(1-O8)*O8*E8 -> 0.091646559 | X8: =2*(O8-G8)*(1-O8)*O8*F8 -> 0.012219541 | Y8: =IF(P8=G8,1,0) -> 1
B9: 5 | C9: 5 | D9: 3.6 | E9: 1.4 | F9: 0.2 | G9: 0 | I9: =I8-('Konfigurasi Model'!$B$11*T8) -> 0.2454116 | J9: =J8-('Konfigurasi Model'!$B$11*U8) -> -0.44909053 | K9: =K8-('Konfigurasi Model'!$B$11*V8) -> -0.45906942 | L9: =L8-('Konfigurasi Model'!$B$11*W8) -> 0.97158599 | M9: =M8-('Konfigurasi Model'!$B$11*X8) -> 0.79391912 | N9: =I9+J9*C9+K9*D9+L9*E9+M9*F9 -> -2.1336867 | O9: =1/(1+EXP(-N9)) -> 0.10586551 | P9: =IF(O9>0.5,1,0) -> 0 | Q9: =O9-G9 -> 0.10586551 | R9: =Q9^2 -> 0.011207505 | T9: =2*(O9-G9)*(1-O9)*O9 -> 0.020042034 | U9: =2*(O9-G9)*(1-O9)*O9*C9 -> 0.10021017 | V9: =2*(O9-G9)*(1-O9)*O9*D9 -> 0.072151323 | W9: =2*(O9-G9)*(1-O9)*O9*E9 -> 0.028058848 | X9: =2*(O9-G9)*(1-O9)*O9*F9 -> 0.0040084069 | Y9: =IF(P9=G9,1,0) -> 1
B10: 6 | C10: 5.4 | D10: 3.9 | E10: 1.7 | F10: 0.4 | G10: 0 | I10: =I9-('Konfigurasi Model'!$B$11*T9) -> 0.2434074 | J10: =J9-('Konfigurasi Model'!$B$11*U9) -> -0.45911154 | K10: =K9-('Konfigurasi Model'!$B$11*V9) -> -0.46628455 | L10: =L9-('Konfigurasi Model'!$B$11*W9) -> 0.9687801 | M10: =M9-('Konfigurasi Model'!$B$11*X9) -> 0.79351828 | N10: =I10+J10*C10+K10*D10+L10*E10+M10*F10 -> -2.0899712 | O10: =1/(1+EXP(-N10)) -> 0.1100754 | P10: =IF(O10>0.5,1,0) -> 0 | Q10: =O10-G10 -> 0.1100754 | R10: =Q10^2 -> 0.012116593 | T10: =2*(O10-G10)*(1-O10)*O10 -> 0.021565708 | U10: =2*(O10-G10)*(1-O10)*O10*C10 -> 0.11645482 | V10: =2*(O10-G10)*(1-O10)*O10*D10 -> 0.084106262 | W10: =2*(O10-G10)*(1-O10)*O10*E10 -> 0.036661704 | X10: =2*(O10-G10)*(1-O10)*O10*F10 -> 0.0086262832 | Y10: =IF(P10=G10,1,0) -> 1
B11: 7 | C11: 4.6 | D11: 3.4 | E11: 1.4 | F11: 0.3 | G11: 0 | I11: =I10-('Konfigurasi Model'!$B$11*T10) -> 0.24125082 | J11: =J10-('Konfigurasi Model'!$B$11*U10) -> -0.47075703 | K11: =K10-('Konfigurasi Model'!$B$11*V10) -> -0.47469518 | L11: =L10-('Konfigurasi Model'!$B$11*W10) -> 0.96511393 | M11: =M10-('Konfigurasi Model'!$B$11*X10) -> 0.79265565 | N11: =I11+J11*C11+K11*D11+L11*E11+M11*F11 -> -1.9492389 | O11: =1/(1+EXP(-N11)) -> 0.12463637 | P11: =IF(O11>0.5,1,0) -> 0 | Q11: =O11-G11 -> 0.12463637 | R11: =Q11^2 -> 0.015534226 | T11: =2*(O11-G11)*(1-O11)*O11 -> 0.027196192 | U11: =2*(O11-G11)*(1-O11)*O11*C11 -> 0.12510248 | V11: =2*(O11-G11)*(1-O11)*O11*D11 -> 0.092467053 | W11: =2*(O11-G11)*(1-O11)*O11*E11 -> 0.038074669 | X11: =2*(O11-G11)*(1-O11)*O11*F11 -> 0.0081588576 | Y11: =IF(P11=G11,1,0) -> 1
B12: 8 | C12: 5 | D12: 3.4 | E12: 1.5 | F12: 0.2 | G12: 0 | I12: =I11-('Konfigurasi Model'!$B$11*T11) -> 0.23853121 | J12: =J11-('Konfigurasi Model'!$B$11*U11) -> -0.48326727 | K12: =K11-('Konfigurasi Model'!$B$11*V11) -> -0.48394188 | L12: =L11-('Konfigurasi Model'!$B$11*W11) -> 0.96130646 | M12: =M11-('Konfigurasi Model'!$B$11*X11) -> 0.79183976 | N12: =I12+J12*C12+K12*D12+L12*E12+M12*F12 -> -2.2228799 | O12: =1/(1+EXP(-N12)) -> 0.097714599 | P12: =IF(O12>0.5,1,0) -> 0 | Q12: =O12-G12 -> 0.097714599 | R12: =Q12^2 -> 0.0095481428 | T12: =2*(O12-G12)*(1-O12)*O12 -> 0.0172303 | U12: =2*(O12-G12)*(1-O12)*O12*C12 -> 0.086151498 | V12: =2*(O12-G12)*(1-O12)*O12*D12 -> 0.058583019 | W12: =2*(O12-G12)*(1-O12)*O12*E12 -> 0.02584545 | X12: =2*(O12-G12)*(1-O12)*O12*F12 -> 0.0034460599 | Y12: =IF(P12=G12,1,0) -> 1
B13: 9 | C13: 4.4 | D13: 2.9 | E13: 1.4 | F13: 0.2 | G13: 0 | I13: =I12-('Konfigurasi Model'!$B$11*T12) -> 0.23680818 | J13: =J12-('Konfigurasi Model'!$B$11*U12) -> -0.49188242 | K13: =K12-('Konfigurasi Model'!$B$11*V12) -> -0.48980018 | L13: =L12-('Konfigurasi Model'!$B$11*W12) -> 0.95872192 | M13: =M12-('Konfigurasi Model'!$B$11*X12) -> 0.79149516 | N13: =I13+J13*C13+K13*D13+L13*E13+M13*F13 -> -1.8473853 | O13: =1/(1+EXP(-N13)) -> 0.13618019 | P13: =IF(O13>0.5,1,0) -> 0 | Q13: =O13-G13 -> 0.13618019 | R13: =Q13^2 -> 0.018545043 | T13: =2*(O13-G13)*(1-O13)*O13 -> 0.032039151 | U13: =2*(O13-G13)*(1-O13)*O13*C13 -> 0.14097226 | V13: =2*(O13-G13)*(1-O13)*O13*D13 -> 0.092913538 | W13: =2*(O13-G13)*(1-O13)*O13*E13 -> 0.044854811 | X13: =2*(O13-G13)*(1-O13)*O13*F13 -> 0.0064078302 | Y13: =IF(P13=G13,1,0) -> 1
B14: 10 | C14: 4.9 | D14: 3.1 | E14: 1.5 | F14: 0.1 | G14: 0 | I14: =I13-('Konfigurasi Model'!$B$11*T13) -> 0.23360426 | J14: =J13-('Konfigurasi Model'!$B$11*U13) -> -0.50597965 | K14: =K13-('Konfigurasi Model'!$B$11*V13) -> -0.49909154 | L14: =L13-('Konfigurasi Model'!$B$11*W13) -> 0.95423644 | M14: =M13-('Konfigurasi Model'!$B$11*X13) -> 0.79085437 | N14: =I14+J14*C14+K14*D14+L14*E14+M14*F14 -> -2.2824397 | O14: =1/(1+EXP(-N14)) -> 0.092587778 | P14: =IF(O14>0.5,1,0) -> 0 | Q14: =O14-G14 -> 0.092587778 | R14: =Q14^2 -> 0.0085724966 | T14: =2*(O14-G14)*(1-O14)*O14 -> 0.015557576 | U14: =2*(O14-G14)*(1-O14)*O14*C14 -> 0.076232124 | V14: =2*(O14-G14)*(1-O14)*O14*D14 -> 0.048228487 | W14: =2*(O14-G14)*(1-O14)*O14*E14 -> 0.023336365 | X14: =2*(O14-G14)*(1-O14)*O14*F14 -> 0.0015557576 | Y14: =IF(P14=G14,1,0) -> 1
B15: 11 | C15: 5.4 | D15: 3.7 | E15: 1.5 | F15: 0.2 | G15: 0 | I15: =I14-('Konfigurasi Model'!$B$11*T14) -> 0.2320485 | J15: =J14-('Konfigurasi Model'!$B$11*U14) -> -0.51360286 | K15: =K14-('Konfigurasi Model'!$B$11*V14) -> -0.50391438 | L15: =L14-('Konfigurasi Model'!$B$11*W14) -> 0.9519028 | M15: =M14-('Konfigurasi Model'!$B$11*X14) -> 0.7906988 | N15: =I15+J15*C15+K15*D15+L15*E15+M15*F15 -> -2.8198962 | O15: =1/(1+EXP(-N15)) -> 0.056258444 | P15: =IF(O15>0.5,1,0) -> 0 | Q15: =O15-G15 -> 0.056258444 | R15: =Q15^2 -> 0.0031650125 | T15: =2*(O15-G15)*(1-O15)*O15 -> 0.0059739076 | U15: =2*(O15-G15)*(1-O15)*O15*C15 -> 0.032259101 | V15: =2*(O15-G15)*(1-O15)*O15*D15 -> 0.022103458 | W15: =2*(O15-G15)*(1-O15)*O15*E15 -> 0.0089608614 | X15: =2*(O15-G15)*(1-O15)*O15*F15 -> 0.0011947815 | Y15: =IF(P15=G15,1,0) -> 1
B16: 12 | C16: 4.8 | D16: 3.4 | E16: 1.6 | F16: 0.2 | G16: 0 | I16: =I15-('Konfigurasi Model'!$B$11*T15) -> 0.23145111 | J16: =J15-('Konfigurasi Model'!$B$11*U15) -> -0.51682877 | K16: =K15-('Konfigurasi Model'!$B$11*V15) -> -0.50612473 | L16: =L15-('Konfigurasi Model'!$B$11*W15) -> 0.95100671 | M16: =M15-('Konfigurasi Model'!$B$11*X15) -> 0.79057932 | N16: =I16+J16*C16+K16*D16+L16*E16+M16*F16 -> -2.2904245 | O16: =1/(1+EXP(-N16)) -> 0.091919113 | P16: =IF(O16>0.5,1,0) -> 0 | Q16: =O16-G16 -> 0.091919113 | R16: =Q16^2 -> 0.0084491234 | T16: =2*(O16-G16)*(1-O16)*O16 -> 0.015344975 | U16: =2*(O16-G16)*(1-O16)*O16*C16 -> 0.073655879 | V16: =2*(O16-G16)*(1-O16)*O16*D16 -> 0.052172915 | W16: =2*(O16-G16)*(1-O16)*O16*E16 -> 0.02455196 | X16: =2*(O16-G16)*(1-O16)*O16*F16 -> 0.003068995 | Y16: =IF(P16=G16,1,0) -> 1
B17: 13 | C17: 4.8 | D17: 3 | E17: 1.4 | F17: 0.1 | G17: 0 | I17: =I16-('Konfigurasi Model'!$B$11*T16) -> 0.22991661 | J17: =J16-('Konfigurasi Model'!$B$11*U16) -> -0.52419436 | K17: =K16-('Konfigurasi Model'!$B$11*V16) -> -0.51134202 | L17: =L16-('Konfigurasi Model'!$B$11*W16) -> 0.94855152 | M17: =M16-('Konfigurasi Model'!$B$11*X16) -> 0.79027242 | N17: =I17+J17*C17+K17*D17+L17*E17+M17*F17 -> -2.413243 | O17: =1/(1+EXP(-N17)) -> 0.082168409 | P17: =IF(O17>0.5,1,0) -> 0 | Q17: =O17-G17 -> 0.082168409 | R17: =Q17^2 -> 0.0067516474 | T17: =2*(O17-G17)*(1-O17)*O17 -> 0.012393751 | U17: =2*(O17-G17)*(1-O17)*O17*C17 -> 0.059490003 | V17: =2*(O17-G17)*(1-O17)*O17*D17 -> 0.037181252 | W17: =2*(O17-G17)*(1-O17)*O17*E17 -> 0.017351251 | X17: =2*(O17-G17)*(1-O17)*O17*F17 -> 0.0012393751 | Y17: =IF(P17=G17,1,0) -> 1
... B84: 80 | C84: 5.5 | D84: 2.5 | E84: 4 | F84: 1.3 | G84: 1 | I84: =I83-('Konfigurasi Model'!$B$11*T83) -> 0.25007869 | J84: =J83-('Konfigurasi Model'!$B$11*U83) -> -0.33359967 | K84: =K83-('Konfigurasi Model'!$B$11*V83) -> -0.47969773 | L84: =L83-('Konfigurasi Model'!$B$11*W83) -> 1.1852454 | M84: =M83-('Konfigurasi Model'!$B$11*X83) -> 0.87682524 | N84: =I84+J84*C84+K84*D84+L84*E84+M84*F84 -> 3.0968907 | O84: =1/(1+EXP(-N84)) -> 0.95676431 | P84: =IF(O84>0.5,1,0) -> 1 | Q84: =O84-G84 -> -0.043235695 | R84: =Q84^2 -> 0.0018693253 | T84: =2*(O84-G84)*(1-O84)*O84 -> -0.0035770074 | U84: =2*(O84-G84)*(1-O84)*O84*C84 -> -0.019673541 | V84: =2*(O84-G84)*(1-O84)*O84*D84 -> -0.0089425186 | W84: =2*(O84-G84)*(1-O84)*O84*E84 -> -0.01430803 | X84: =2*(O84-G84)*(1-O84)*O84*F84 -> -0.0046501097 | Y84: =IF(P84=G84,1,0) -> 1
Q85: MSE → | R85: =AVERAGE(R5:R84) -> 0.015115839 | X85: Akurasi → | Y85: =AVERAGE(Y5:Y84) -> 1
A87: EPOCH 4 — TESTING (20 data, bobot = baris 84)
G88: Setosa = 0 | I88: Learning Rate | K88: ='Konfigurasi Model'!$B$11 -> 0.1
G89: Versicolor = 1 | I89: Bobot bias | N89: dot | O89: Sigmoid | P89: Prediksi | Q89: error | R89: Sum Square Error
A90: EPOCH | B90: No | C90: X1 | D90: X2 | E90: X3 | F90: X4 | G90: TARGET | I90: bias | J90: teta1 | K90: teta2 | L90: teta 3 | M90: teta4 | N90: z | O90: g(z) | T90: Akurasi
A91: testing | B91: 1 | C91: 5 | D91: 3.5 | E91: 1.3 | F91: 0.3 | G91: 0 | I91: =I84 -> 0.25007869 | J91: =J84 -> -0.33359967 | K91: =K84 -> -0.47969773 | L91: =L84 -> 1.1852454 | M91: =M84 -> 0.87682524 | N91: =I91+J91*C91+K91*D91+L91*E91+M91*F91 -> -1.2929951 | O91: =1/(1+EXP(-N91)) -> 0.21534629 | P91: =IF(O91>0.5,1,0) -> 0 | Q91: =O91-G91 -> 0.21534629 | R91: =Q91^2 -> 0.046374024 | T91: =IF(P91=G91,1,0) -> 1
B92: 2 | C92: 4.5 | D92: 2.3 | E92: 1.3 | F92: 0.3 | G92: 0 | I92: =I91 -> 0.25007869 | J92: =J91 -> -0.33359967 | K92: =K91 -> -0.47969773 | L92: =L91 -> 1.1852454 | M92: =M91 -> 0.87682524 | N92: =I92+J92*C92+K92*D92+L92*E92+M92*F92 -> -0.550558 | O92: =1/(1+EXP(-N92)) -> 0.36573496 | P92: =IF(O92>0.5,1,0) -> 0 | Q92: =O92-G92 -> 0.36573496 | R92: =Q92^2 -> 0.13376206 | T92: =IF(P92=G92,1,0) -> 1
B93: 3 | C93: 4.4 | D93: 3.2 | E93: 1.3 | F93: 0.2 | G93: 0 | I93: =I92 -> 0.25007869 | J93: =J92 -> -0.33359967 | K93: =K92 -> -0.47969773 | L93: =L92 -> 1.1852454 | M93: =M92 -> 0.87682524 | N93: =I93+J93*C93+K93*D93+L93*E93+M93*F93 -> -1.0366085 | O93: =1/(1+EXP(-N93)) -> 0.26180491 | P93: =IF(O93>0.5,1,0) -> 0 | Q93: =O93-G93 -> 0.26180491 | R93: =Q93^2 -> 0.068541813 | T93: =IF(P93=G93,1,0) -> 1
B94: 4 | C94: 5 | D94: 3.5 | E94: 1.6 | F94: 0.6 | G94: 0 | I94: =I93 -> 0.25007869 | J94: =J93 -> -0.33359967 | K94: =K93 -> -0.47969773 | L94: =L93 -> 1.1852454 | M94: =M93 -> 0.87682524 | N94: =I94+J94*C94+K94*D94+L94*E94+M94*F94 -> -0.67437391 | O94: =1/(1+EXP(-N94)) -> 0.33751814 | P94: =IF(O94>0.5,1,0) -> 0 | Q94: =O94-G94 -> 0.33751814 | R94: =Q94^2 -> 0.1139185 | T94: =IF(P94=G94,1,0) -> 1
B95: 5 | C95: 5.1 | D95: 3.8 | E95: 1.9 | F95: 0.4 | G95: 0 | I95: =I94 -> 0.25007869 | J95: =J94 -> -0.33359967 | K95: =K94 -> -0.47969773 | L95: =L94 -> 1.1852454 | M95: =M94 -> 0.87682524 | N95: =I95+J95*C95+K95*D95+L95*E95+M95*F95 -> -0.67143462 | O95: =1/(1+EXP(-N95)) -> 0.33817568 | P95: =IF(O95>0.5,1,0) -> 0 | Q95: =O95-G95 -> 0.33817568 | R95: =Q95^2 -> 0.11436279 | T95: =IF(P95=G95,1,0) -> 1
B96: 6 | C96: 4.8 | D96: 3 | E96: 1.4 | F96: 0.3 | G96: 0 | I96: =I95 -> 0.25007869 | J96: =J95 -> -0.33359967 | K96: =K95 -> -0.47969773 | L96: =L95 -> 1.1852454 | M96: =M95 -> 0.87682524 | N96: =I96+J96*C96+K96*D96+L96*E96+M96*F96 -> -0.86790177 | O96: =1/(1+EXP(-N96)) -> 0.29569109 | P96: =IF(O96>0.5,1,0) -> 0 | Q96: =O96-G96 -> 0.29569109 | R96: =Q96^2 -> 0.087433219 | T96: =IF(P96=G96,1,0) -> 1
B97: 7 | C97: 5.1 | D97: 3.8 | E97: 1.6 | F97: 0.2 | G97: 0 | I97: =I96 -> 0.25007869 | J97: =J96 -> -0.33359967 | K97: =K96 -> -0.47969773 | L97: =L96 -> 1.1852454 | M97: =M96 -> 0.87682524 | N97: =I97+J97*C97+K97*D97+L97*E97+M97*F97 -> -1.2023733 | O97: =1/(1+EXP(-N97)) -> 0.23105329 | P97: =IF(O97>0.5,1,0) -> 0 | Q97: =O97-G97 -> 0.23105329 | R97: =Q97^2 -> 0.053385623 | T97: =IF(P97=G97,1,0) -> 1
B98: 8 | C98: 4.6 | D98: 3.2 | E98: 1.4 | F98: 0.2 | G98: 0 | I98: =I97 -> 0.25007869 | J98: =J97 -> -0.33359967 | K98: =K97 -> -0.47969773 | L98: =L97 -> 1.1852454 | M98: =M97 -> 0.87682524 | N98: =I98+J98*C98+K98*D98+L98*E98+M98*F98 -> -0.9848039 | O98: =1/(1+EXP(-N98)) -> 0.27193962 | P98: =IF(O98>0.5,1,0) -> 0 | Q98: =O98-G98 -> 0.27193962 | R98: =Q98^2 -> 0.073951159 | T98: =IF(P98=G98,1,0) -> 1
B99: 9 | C99: 5.3 | D99: 3.7 | E99: 1.5 | F99: 0.2 | G99: 0 | I99: =I98 -> 0.25007869 | J99: =J98 -> -0.33359967 | K99: =K98 -> -0.47969773 | L99: =L98 -> 1.1852454 | M99: =M98 -> 0.87682524 | N99: =I99+J99*C99+K99*D99+L99*E99+M99*F99 -> -1.339648 | O99: =1/(1+EXP(-N99)) -> 0.20756795 | P99: =IF(O99>0.5,1,0) -> 0 | Q99: =O99-G99 -> 0.20756795 | R99: =Q99^2 -> 0.043084454 | T99: =IF(P99=G99,1,0) -> 1
B100: 10 | C100: 5 | D100: 3.3 | E100: 1.4 | F100: 0.2 | G100: 0 | I100: =I99 -> 0.25007869 | J100: =J99 -> -0.33359967 | K100: =K99 -> -0.47969773 | L100: =L99 -> 1.1852454 | M100: =M99 -> 0.87682524 | N100: =I100+J100*C100+K100*D100+L100*E100+M100*F100 -> -1.1662135 | O100: =1/(1+EXP(-N100)) -> 0.23754009 | P100: =IF(O100>0.5,1,0) -> 0 | Q100: =O100-G100 -> 0.23754009 | R100: =Q100^2 -> 0.056425292 | T100: =IF(P100=G100,1,0) -> 1
B101: 11 | C101: 5.5 | D101: 2.6 | E101: 4.4 | F101: 1.2 | G101: 1 | I101: =I100 -> 0.25007869 | J101: =J100 -> -0.33359967 | K101: =K100 -> -0.47969773 | L101: =L100 -> 1.1852454 | M101: =M100 -> 0.87682524 | N101: =I101+J101*C101+K101*D101+L101*E101+M101*F101 -> 3.4353365 | O101: =1/(1+EXP(-N101)) -> 0.96879082 | P101: =IF(O101>0.5,1,0) -> 1 | Q101: =O101-G101 -> -0.031209177 | R101: =Q101^2 -> 0.00097401274 | T101: =IF(P101=G101,1,0) -> 1
B102: 12 | C102: 6.1 | D102: 3 | E102: 4.6 | F102: 1.4 | G102: 1 | I102: =I101 -> 0.25007869 | J102: =J101 -> -0.33359967 | K102: =K101 -> -0.47969773 | L102: =L101 -> 1.1852454 | M102: =M101 -> 0.87682524 | N102: =I102+J102*C102+K102*D102+L102*E102+M102*F102 -> 3.4557118 | O102: =1/(1+EXP(-N102)) -> 0.96940102 | P102: =IF(O102>0.5,1,0) -> 1 | Q102: =O102-G102 -> -0.030598978 | R102: =Q102^2 -> 0.00093629746 | T102: =IF(P102=G102,1,0) -> 1
B103: 13 | C103: 5.8 | D103: 2.6 | E103: 4 | F103: 1.2 | G103: 1 | I103: =I102 -> 0.25007869 | J103: =J102 -> -0.33359967 | K103: =K102 -> -0.47969773 | L103: =L102 -> 1.1852454 | M103: =M102 -> 0.87682524 | N103: =I103+J103*C103+K103*D103+L103*E103+M103*F103 -> 2.8611585 | O103: =1/(1+EXP(-N103)) -> 0.94589262 | P103: =IF(O103>0.5,1,0) -> 1 | Q103: =O103-G103 -> -0.05410738 | R103: =Q103^2 -> 0.0029276086 | T103: =IF(P103=G103,1,0) -> 1
... B110: 20 | C110: 5.7 | D110: 2.8 | E110: 4.1 | F110: 1.3 | G110: 1 | I110: =I109 -> 0.25007869 | J110: =J109 -> -0.33359967 | K110: =K109 -> -0.47969773 | L110: =L109 -> 1.1852454 | M110: =M109 -> 0.87682524 | N110: =I110+J110*C110+K110*D110+L110*E110+M110*F110 -> 3.0047859 | O110: =1/(1+EXP(-N110)) -> 0.95278987 | P110: =IF(O110>0.5,1,0) -> 1 | Q110: =O110-G110 -> -0.047210128 | R110: =Q110^2 -> 0.0022287962 | T110: =IF(P110=G110,1,0) -> 1
Q111: MSE → | R111: =AVERAGE(R91:R110) -> 0.041654606 | T111: =AVERAGE(T91:T110) -> 1
A113: Confusion Matrix (data testing) | I113: Evaluation Metrics
C114: Prediksi | I114: Metrik | J114: Hasil (%)
C115: Setosa (0) | D115: Versicolor (1) | I115: Akurasi | J115: =(C116+D117)/SUM(C116:D117)*100 -> 100
A116: Aktual | B116: Setosa (0) | C116: =COUNTIFS($G$91:$G$110,0,$P$91:$P$110,0) -> 10 | D116: =COUNTIFS($G$91:$G$110,0,$P$91:$P$110,1) -> 0 | I116: Presisi | J116: =IFERROR(D117/(D117+D116)*100,0) -> 100
B117: Versicolor (1) | C117: =COUNTIFS($G$91:$G$110,1,$P$91:$P$110,0) -> 0 | D117: =COUNTIFS($G$91:$G$110,1,$P$91:$P$110,1) -> 10 | I117: Recall | J117: =IFERROR(D117/(D117+C117)*100,0) -> 100
I118: F1-Score | J118: =IFERROR(2*(J116*J117)/(J116+J117),0) -> 100
I119: Kelas positif = Versicolor (1)

Sheet Epoch 5
A1: EPOCH 5 — TRAINING (80 data)
G2: Setosa = 0 | I2: Learning Rate | K2: ='Konfigurasi Model'!$B$11 -> 0.1
G3: Versicolor = 1 | I3: Bobot bias | N3: dot | O3: Sigmoid | P3: Prediksi | Q3: error | R3: Sum Square Error
A4: EPOCH | B4: No | C4: X1 | D4: X2 | E4: X3 | F4: X4 | G4: TARGET | I4: bias | J4: teta1 | K4: teta2 | L4: teta 3 | M4: teta4 | N4: z | O4: g(z) | T4: dbias | U4: dteta1 | V4: dteta2 | W4: dteta3 | X4: dteta4 | Y4: Akurasi
A5: epoch 5 | B5: 1 | C5: 5.1 | D5: 3.5 | E5: 1.4 | F5: 0.2 | G5: 0 | I5: ='Epoch 4'!I84 -> 0.25007869 | J5: ='Epoch 4'!J84 -> -0.33359967 | K5: ='Epoch 4'!K84 -> -0.47969773 | L5: ='Epoch 4'!L84 -> 1.1852454 | M5: ='Epoch 4'!M84 -> 0.87682524 | N5: =I5+J5*C5+K5*D5+L5*E5+M5*F5 -> -1.2955131 | O5: =1/(1+EXP(-N5)) -> 0.21492113 | P5: =IF(O5>0.5,1,0) -> 0 | Q5: =O5-G5 -> 0.21492113 | R5: =Q5^2 -> 0.046191092 | T5: =2*(O5-G5)*(1-O5)*O5 -> 0.072527301 | U5: =2*(O5-G5)*(1-O5)*O5*C5 -> 0.36988923 | V5: =2*(O5-G5)*(1-O5)*O5*D5 -> 0.25384555 | W5: =2*(O5-G5)*(1-O5)*O5*E5 -> 0.10153822 | X5: =2*(O5-G5)*(1-O5)*O5*F5 -> 0.01450546 | Y5: =IF(P5=G5,1,0) -> 1
B6: 2 | C6: 4.9 | D6: 3 | E6: 1.4 | F6: 0.2 | G6: 0 | I6: =I5-('Konfigurasi Model'!$B$11*T5) -> 0.24282596 | J6: =J5-('Konfigurasi Model'!$B$11*U5) -> -0.3705886 | K6: =K5-('Konfigurasi Model'!$B$11*V5) -> -0.50508229 | L6: =L5-('Konfigurasi Model'!$B$11*W5) -> 1.1750916 | M6: =M5-('Konfigurasi Model'!$B$11*X5) -> 0.8753747 | N6: =I6+J6*C6+K6*D6+L6*E6+M6*F6 -> -1.2681018 | O6: =1/(1+EXP(-N6)) -> 0.21958236 | P6: =IF(O6>0.5,1,0) -> 0 | Q6: =O6-G6 -> 0.21958236 | R6: =Q6^2 -> 0.048216412 | T6: =2*(O6-G6)*(1-O6)*O6 -> 0.075257877 | U6: =2*(O6-G6)*(1-O6)*O6*C6 -> 0.3687636 | V6: =2*(O6-G6)*(1-O6)*O6*D6 -> 0.22577363 | W6: =2*(O6-G6)*(1-O6)*O6*E6 -> 0.10536103 | X6: =2*(O6-G6)*(1-O6)*O6*F6 -> 0.015051575 | Y6: =IF(P6=G6,1,0) -> 1
B7: 3 | C7: 4.7 | D7: 3.2 | E7: 1.3 | F7: 0.2 | G7: 0 | I7: =I6-('Konfigurasi Model'!$B$11*T6) -> 0.23530017 | J7: =J6-('Konfigurasi Model'!$B$11*U6) -> -0.40746496 | K7: =K6-('Konfigurasi Model'!$B$11*V6) -> -0.52765965 | L7: =L6-('Konfigurasi Model'!$B$11*W6) -> 1.1645555 | M7: =M6-('Konfigurasi Model'!$B$11*X6) -> 0.87386954 | N7: =I7+J7*C7+K7*D7+L7*E7+M7*F7 -> -1.6795999 | O7: =1/(1+EXP(-N7)) -> 0.15714845 | P7: =IF(O7>0.5,1,0) -> 0 | Q7: =O7-G7 -> 0.15714845 | R7: =Q7^2 -> 0.024695635 | T7: =2*(O7-G7)*(1-O7)*O7 -> 0.041629509 | U7: =2*(O7-G7)*(1-O7)*O7*C7 -> 0.19565869 | V7: =2*(O7-G7)*(1-O7)*O7*D7 -> 0.13321443 | W7: =2*(O7-G7)*(1-O7)*O7*E7 -> 0.054118362 | X7: =2*(O7-G7)*(1-O7)*O7*F7 -> 0.0083259018 | Y7: =IF(P7=G7,1,0) -> 1
B8: 4 | C8: 4.6 | D8: 3.1 | E8: 1.5 | F8: 0.2 | G8: 0 | I8: =I7-('Konfigurasi Model'!$B$11*T7) -> 0.23113722 | J8: =J7-('Konfigurasi Model'!$B$11*U7) -> -0.42703082 | K8: =K7-('Konfigurasi Model'!$B$11*V7) -> -0.54098109 | L8: =L7-('Konfigurasi Model'!$B$11*W7) -> 1.1591437 | M8: =M7-('Konfigurasi Model'!$B$11*X7) -> 0.87303695 | N8: =I8+J8*C8+K8*D8+L8*E8+M8*F8 -> -1.4969231 | O8: =1/(1+EXP(-N8)) -> 0.18288488 | P8: =IF(O8>0.5,1,0) -> 0 | Q8: =O8-G8 -> 0.18288488 | R8: =Q8^2 -> 0.033446881 | T8: =2*(O8-G8)*(1-O8)*O8 -> 0.054659904 | U8: =2*(O8-G8)*(1-O8)*O8*C8 -> 0.25143556 | V8: =2*(O8-G8)*(1-O8)*O8*D8 -> 0.1694457 | W8: =2*(O8-G8)*(1-O8)*O8*E8 -> 0.081989855 | X8: =2*(O8-G8)*(1-O8)*O8*F8 -> 0.010931981 | Y8: =IF(P8=G8,1,0) -> 1
B9: 5 | C9: 5 | D9: 3.6 | E9: 1.4 | F9: 0.2 | G9: 0 | I9: =I8-('Konfigurasi Model'!$B$11*T8) -> 0.22567123 | J9: =J8-('Konfigurasi Model'!$B$11*U8) -> -0.45217438 | K9: =K8-('Konfigurasi Model'!$B$11*V8) -> -0.55792566 | L9: =L8-('Konfigurasi Model'!$B$11*W8) -> 1.1509447 | M9: =M8-('Konfigurasi Model'!$B$11*X8) -> 0.87194375 | N9: =I9+J9*C9+K9*D9+L9*E9+M9*F9 -> -2.2580218 | O9: =1/(1+EXP(-N9)) -> 0.094659767 | P9: =IF(O9>0.5,1,0) -> 0 | Q9: =O9-G9 -> 0.094659767 | R9: =Q9^2 -> 0.0089604714 | T9: =2*(O9-G9)*(1-O9)*O9 -> 0.016224551 | U9: =2*(O9-G9)*(1-O9)*O9*C9 -> 0.081122753 | V9: =2*(O9-G9)*(1-O9)*O9*D9 -> 0.058408382 | W9: =2*(O9-G9)*(1-O9)*O9*E9 -> 0.022714371 | X9: =2*(O9-G9)*(1-O9)*O9*F9 -> 0.0032449101 | Y9: =IF(P9=G9,1,0) -> 1
B10: 6 | C10: 5.4 | D10: 3.9 | E10: 1.7 | F10: 0.4 | G10: 0 | I10: =I9-('Konfigurasi Model'!$B$11*T9) -> 0.22404877 | J10: =J9-('Konfigurasi Model'!$B$11*U9) -> -0.46028666 | K10: =K9-('Konfigurasi Model'!$B$11*V9) -> -0.5637665 | L10: =L9-('Konfigurasi Model'!$B$11*W9) -> 1.1486732 | M10: =M9-('Konfigurasi Model'!$B$11*X9) -> 0.87161926 | N10: =I10+J10*C10+K10*D10+L10*E10+M10*F10 -> -2.1587963 | O10: =1/(1+EXP(-N10)) -> 0.1035121 | P10: =IF(O10>0.5,1,0) -> 0 | Q10: =O10-G10 -> 0.1035121 | R10: =Q10^2 -> 0.010714754 | T10: =2*(O10-G10)*(1-O10)*O10 -> 0.019211295 | U10: =2*(O10-G10)*(1-O10)*O10*C10 -> 0.10374099 | V10: =2*(O10-G10)*(1-O10)*O10*D10 -> 0.074924051 | W10: =2*(O10-G10)*(1-O10)*O10*E10 -> 0.032659202 | X10: =2*(O10-G10)*(1-O10)*O10*F10 -> 0.0076845181 | Y10: =IF(P10=G10,1,0) -> 1
B11: 7 | C11: 4.6 | D11: 3.4 | E11: 1.4 | F11: 0.3 | G11: 0 | I11: =I10-('Konfigurasi Model'!$B$11*T10) -> 0.22212764 | J11: =J10-('Konfigurasi Model'!$B$11*U10) -> -0.47066075 | K11: =K10-('Konfigurasi Model'!$B$11*V10) -> -0.5712589 | L11: =L10-('Konfigurasi Model'!$B$11*W10) -> 1.1454073 | M11: =M10-('Konfigurasi Model'!$B$11*X10) -> 0.87085081 | N11: =I11+J11*C11+K11*D11+L11*E11+M11*F11 -> -2.0203666 | O11: =1/(1+EXP(-N11)) -> 0.11708109 | P11: =IF(O11>0.5,1,0) -> 0 | Q11: =O11-G11 -> 0.11708109 | R11: =Q11^2 -> 0.013707981 | T11: =2*(O11-G11)*(1-O11)*O11 -> 0.024206071 | U11: =2*(O11-G11)*(1-O11)*O11*C11 -> 0.11134793 | V11: =2*(O11-G11)*(1-O11)*O11*D11 -> 0.082300642 | W11: =2*(O11-G11)*(1-O11)*O11*E11 -> 0.0338885 | X11: =2*(O11-G11)*(1-O11)*O11*F11 -> 0.0072618213 | Y11: =IF(P11=G11,1,0) -> 1
B12: 8 | C12: 5 | D12: 3.4 | E12: 1.5 | F12: 0.2 | G12: 0 | I12: =I11-('Konfigurasi Model'!$B$11*T11) -> 0.21970704 | J12: =J11-('Konfigurasi Model'!$B$11*U11) -> -0.48179555 | K12: =K11-('Konfigurasi Model'!$B$11*V11) -> -0.57948897 | L12: =L11-('Konfigurasi Model'!$B$11*W11) -> 1.1420185 | M12: =M11-('Konfigurasi Model'!$B$11*X11) -> 0.87012462 | N12: =I12+J12*C12+K12*D12+L12*E12+M12*F12 -> -2.2724806 | O12: =1/(1+EXP(-N12)) -> 0.093427898 | P12: =IF(O12>0.5,1,0) -> 0 | Q12: =O12-G12 -> 0.093427898 | R12: =Q12^2 -> 0.0087287721 | T12: =2*(O12-G12)*(1-O12)*O12 -> 0.015826523 | U12: =2*(O12-G12)*(1-O12)*O12*C12 -> 0.079132613 | V12: =2*(O12-G12)*(1-O12)*O12*D12 -> 0.053810177 | W12: =2*(O12-G12)*(1-O12)*O12*E12 -> 0.023739784 | X12: =2*(O12-G12)*(1-O12)*O12*F12 -> 0.0031653045 | Y12: =IF(P12=G12,1,0) -> 1
B13: 9 | C13: 4.4 | D13: 2.9 | E13: 1.4 | F13: 0.2 | G13: 0 | I13: =I12-('Konfigurasi Model'!$B$11*T12) -> 0.21812438 | J13: =J12-('Konfigurasi Model'!$B$11*U12) -> -0.48970881 | K13: =K12-('Konfigurasi Model'!$B$11*V12) -> -0.58486999 | L13: =L12-('Konfigurasi Model'!$B$11*W12) -> 1.1396445 | M13: =M12-('Konfigurasi Model'!$B$11*X12) -> 0.86980809 | N13: =I13+J13*C13+K13*D13+L13*E13+M13*F13 -> -1.8632534 | O13: =1/(1+EXP(-N13)) -> 0.13432429 | P13: =IF(O13>0.5,1,0) -> 0 | Q13: =O13-G13 -> 0.13432429 | R13: =Q13^2 -> 0.018043014 | T13: =2*(O13-G13)*(1-O13)*O13 -> 0.031238799 | U13: =2*(O13-G13)*(1-O13)*O13*C13 -> 0.13745071 | V13: =2*(O13-G13)*(1-O13)*O13*D13 -> 0.090592516 | W13: =2*(O13-G13)*(1-O13)*O13*E13 -> 0.043734318 | X13: =2*(O13-G13)*(1-O13)*O13*F13 -> 0.0062477597 | Y13: =IF(P13=G13,1,0) -> 1
B14: 10 | C14: 4.9 | D14: 3.1 | E14: 1.5 | F14: 0.1 | G14: 0 | I14: =I13-('Konfigurasi Model'!$B$11*T13) -> 0.2150005 | J14: =J13-('Konfigurasi Model'!$B$11*U13) -> -0.50345388 | K14: =K13-('Konfigurasi Model'!$B$11*V13) -> -0.59392924 | L14: =L13-('Konfigurasi Model'!$B$11*W13) -> 1.1352711 | M14: =M13-('Konfigurasi Model'!$B$11*X13) -> 0.86918332 | N14: =I14+J14*C14+K14*D14+L14*E14+M14*F14 -> -2.3032792 | O14: =1/(1+EXP(-N14)) -> 0.09085174 | P14: =IF(O14>0.5,1,0) -> 0 | Q14: =O14-G14 -> 0.09085174 | R14: =Q14^2 -> 0.0082540387 | T14: =2*(O14-G14)*(1-O14)*O14 -> 0.01500829 | U14: =2*(O14-G14)*(1-O14)*O14*C14 -> 0.07354062 | V14: =2*(O14-G14)*(1-O14)*O14*D14 -> 0.046525699 | W14: =2*(O14-G14)*(1-O14)*O14*E14 -> 0.022512435 | X14: =2*(O14-G14)*(1-O14)*O14*F14 -> 0.001500829 | Y14: =IF(P14=G14,1,0) -> 1
B15: 11 | C15: 5.4 | D15: 3.7 | E15: 1.5 | F15: 0.2 | G15: 0 | I15: =I14-('Konfigurasi Model'!$B$11*T14) -> 0.21349968 | J15: =J14-('Konfigurasi Model'!$B$11*U14) -> -0.51080794 | K15: =K14-('Konfigurasi Model'!$B$11*V14) -> -0.59858181 | L15: =L14-('Konfigurasi Model'!$B$11*W14) -> 1.1330198 | M15: =M14-('Konfigurasi Model'!$B$11*X14) -> 0.86903324 | N15: =I15+J15*C15+K15*D15+L15*E15+M15*F15 -> -2.8862795 | O15: =1/(1+EXP(-N15)) -> 0.052835997 | P15: =IF(O15>0.5,1,0) -> 0 | Q15: =O15-G15 -> 0.052835997 | R15: =Q15^2 -> 0.0027916426 | T15: =2*(O15-G15)*(1-O15)*O15 -> 0.0052882867 | U15: =2*(O15-G15)*(1-O15)*O15*C15 -> 0.028556748 | V15: =2*(O15-G15)*(1-O15)*O15*D15 -> 0.019566661 | W15: =2*(O15-G15)*(1-O15)*O15*E15 -> 0.0079324301 | X15: =2*(O15-G15)*(1-O15)*O15*F15 -> 0.0010576573 | Y15: =IF(P15=G15,1,0) -> 1
B16: 12 | C16: 4.8 | D16: 3.4 | E16: 1.6 | F16: 0.2 | G16: 0 | I16: =I15-('Konfigurasi Model'!$B$11*T15) -> 0.21297085 | J16: =J15-('Konfigurasi Model'!$B$11*U15) -> -0.51366362 | K16: =K15-('Konfigurasi Model'!$B$11*V15) -> -0.60053847 | L16: =L15-('Konfigurasi Model'!$B$11*W15) -> 1.1322266 | M16: =M15-('Konfigurasi Model'!$B$11*X15) -> 0.86892747 | N16: =I16+J16*C16+K16*D16+L16*E16+M16*F16 -> -2.3090973 | O16: =1/(1+EXP(-N16)) -> 0.090372322 | P16: =IF(O16>0.5,1,0) -> 0 | Q16: =O16-G16 -> 0.090372322 | R16: =Q16^2 -> 0.0081671566 | T16: =2*(O16-G16)*(1-O16)*O16 -> 0.014858143 | U16: =2*(O16-G16)*(1-O16)*O16*C16 -> 0.071319088 | V16: =2*(O16-G16)*(1-O16)*O16*D16 -> 0.050517687 | W16: =2*(O16-G16)*(1-O16)*O16*E16 -> 0.023773029 | X16: =2*(O16-G16)*(1-O16)*O16*F16 -> 0.0029716287 | Y16: =IF(P16=G16,1,0) -> 1
B17: 13 | C17: 4.8 | D17: 3 | E17: 1.4 | F17: 0.1 | G17: 0 | I17: =I16-('Konfigurasi Model'!$B$11*T16) -> 0.21148503 | J17: =J16-('Konfigurasi Model'!$B$11*U16) -> -0.52079553 | K17: =K16-('Konfigurasi Model'!$B$11*V16) -> -0.60559024 | L17: =L16-('Konfigurasi Model'!$B$11*W16) -> 1.1298493 | M17: =M16-('Konfigurasi Model'!$B$11*X16) -> 0.86863031 | N17: =I17+J17*C17+K17*D17+L17*E17+M17*F17 -> -2.4364522 | O17: =1/(1+EXP(-N17)) -> 0.080434934 | P17: =IF(O17>0.5,1,0) -> 0 | Q17: =O17-G17 -> 0.080434934 | R17: =Q17^2 -> 0.0064697786 | T17: =2*(O17-G17)*(1-O17)*O17 -> 0.011898765 | U17: =2*(O17-G17)*(1-O17)*O17*C17 -> 0.057114071 | V17: =2*(O17-G17)*(1-O17)*O17*D17 -> 0.035696294 | W17: =2*(O17-G17)*(1-O17)*O17*E17 -> 0.016658271 | X17: =2*(O17-G17)*(1-O17)*O17*F17 -> 0.0011898765 | Y17: =IF(P17=G17,1,0) -> 1
... B84: 80 | C84: 5.5 | D84: 2.5 | E84: 4 | F84: 1.3 | G84: 1 | I84: =I83-('Konfigurasi Model'!$B$11*T83) -> 0.22708411 | J84: =J83-('Konfigurasi Model'!$B$11*U83) -> -0.37710744 | K84: =K83-('Konfigurasi Model'!$B$11*V83) -> -0.5848797 | L84: =L83-('Konfigurasi Model'!$B$11*W83) -> 1.3108226 | M84: =M83-('Konfigurasi Model'!$B$11*X83) -> 0.93461776 | N84: =I84+J84*C84+K84*D84+L84*E84+M84*F84 -> 3.1490876 | O84: =1/(1+EXP(-N84)) -> 0.95887276 | P84: =IF(O84>0.5,1,0) -> 1 | Q84: =O84-G84 -> -0.041127244 | R84: =Q84^2 -> 0.0016914502 | T84: =2*(O84-G84)*(1-O84)*O84 -> -0.0032437711 | U84: =2*(O84-G84)*(1-O84)*O84*C84 -> -0.017840741 | V84: =2*(O84-G84)*(1-O84)*O84*D84 -> -0.0081094277 | W84: =2*(O84-G84)*(1-O84)*O84*E84 -> -0.012975084 | X84: =2*(O84-G84)*(1-O84)*O84*F84 -> -0.0042169024 | Y84: =IF(P84=G84,1,0) -> 1
Q85: MSE → | R85: =AVERAGE(R5:R84) -> 0.010836263 | X85: Akurasi → | Y85: =AVERAGE(Y5:Y84) -> 1
A87: EPOCH 5 — TESTING (20 data, bobot = baris 84)
G88: Setosa = 0 | I88: Learning Rate | K88: ='Konfigurasi Model'!$B$11 -> 0.1
G89: Versicolor = 1 | I89: Bobot bias | N89: dot | O89: Sigmoid | P89: Prediksi | Q89: error | R89: Sum Square Error
A90: EPOCH | B90: No | C90: X1 | D90: X2 | E90: X3 | F90: X4 | G90: TARGET | I90: bias | J90: teta1 | K90: teta2 | L90: teta 3 | M90: teta4 | N90: z | O90: g(z) | T90: Akurasi
A91: testing | B91: 1 | C91: 5 | D91: 3.5 | E91: 1.3 | F91: 0.3 | G91: 0 | I91: =I84 -> 0.22708411 | J91: =J84 -> -0.37710744 | K91: =K84 -> -0.5848797 | L91: =L84 -> 1.3108226 | M91: =M84 -> 0.93461776 | N91: =I91+J91*C91+K91*D91+L91*E91+M91*F91 -> -1.7210773 | O91: =1/(1+EXP(-N91)) -> 0.15173246 | P91: =IF(O91>0.5,1,0) -> 0 | Q91: =O91-G91 -> 0.15173246 | R91: =Q91^2 -> 0.023022738 | T91: =IF(P91=G91,1,0) -> 1
B92: 2 | C92: 4.5 | D92: 2.3 | E92: 1.3 | F92: 0.3 | G92: 0 | I92: =I91 -> 0.22708411 | J92: =J91 -> -0.37710744 | K92: =K91 -> -0.5848797 | L92: =L91 -> 1.3108226 | M92: =M91 -> 0.93461776 | N92: =I92+J92*C92+K92*D92+L92*E92+M92*F92 -> -0.83066792 | O92: =1/(1+EXP(-N92)) -> 0.30350386 | P92: =IF(O92>0.5,1,0) -> 0 | Q92: =O92-G92 -> 0.30350386 | R92: =Q92^2 -> 0.092114593 | T92: =IF(P92=G92,1,0) -> 1
B93: 3 | C93: 4.4 | D93: 3.2 | E93: 1.3 | F93: 0.2 | G93: 0 | I93: =I92 -> 0.22708411 | J93: =J92 -> -0.37710744 | K93: =K92 -> -0.5848797 | L93: =L92 -> 1.3108226 | M93: =M92 -> 0.93461776 | N93: =I93+J93*C93+K93*D93+L93*E93+M93*F93 -> -1.4128107 | O93: =1/(1+EXP(-N93)) -> 0.19579112 | P93: =IF(O93>0.5,1,0) -> 0 | Q93: =O93-G93 -> 0.19579112 | R93: =Q93^2 -> 0.038334161 | T93: =IF(P93=G93,1,0) -> 1
B94: 4 | C94: 5 | D94: 3.5 | E94: 1.6 | F94: 0.6 | G94: 0 | I94: =I93 -> 0.22708411 | J94: =J93 -> -0.37710744 | K94: =K93 -> -0.5848797 | L94: =L93 -> 1.3108226 | M94: =M93 -> 0.93461776 | N94: =I94+J94*C94+K94*D94+L94*E94+M94*F94 -> -1.0474452 | O94: =1/(1+EXP(-N94)) -> 0.259716 | P94: =IF(O94>0.5,1,0) -> 0 | Q94: =O94-G94 -> 0.259716 | R94: =Q94^2 -> 0.067452402 | T94: =IF(P94=G94,1,0) -> 1
B95: 5 | C95: 5.1 | D95: 3.8 | E95: 1.9 | F95: 0.4 | G95: 0 | I95: =I94 -> 0.22708411 | J95: =J94 -> -0.37710744 | K95: =K94 -> -0.5848797 | L95: =L94 -> 1.3108226 | M95: =M94 -> 0.93461776 | N95: =I95+J95*C95+K95*D95+L95*E95+M95*F95 -> -1.0542966 | O95: =1/(1+EXP(-N95)) -> 0.2584009 | P95: =IF(O95>0.5,1,0) -> 0 | Q95: =O95-G95 -> 0.2584009 | R95: =Q95^2 -> 0.066771023 | T95: =IF(P95=G95,1,0) -> 1
B96: 6 | C96: 4.8 | D96: 3 | E96: 1.4 | F96: 0.3 | G96: 0 | I96: =I95 -> 0.22708411 | J96: =J95 -> -0.37710744 | K96: =K95 -> -0.5848797 | L96: =L95 -> 1.3108226 | M96: =M95 -> 0.93461776 | N96: =I96+J96*C96+K96*D96+L96*E96+M96*F96 -> -1.2221337 | O96: =1/(1+EXP(-N96)) -> 0.22756118 | P96: =IF(O96>0.5,1,0) -> 0 | Q96: =O96-G96 -> 0.22756118 | R96: =Q96^2 -> 0.051784091 | T96: =IF(P96=G96,1,0) -> 1
B97: 7 | C97: 5.1 | D97: 3.8 | E97: 1.6 | F97: 0.2 | G97: 0 | I97: =I96 -> 0.22708411 | J97: =J96 -> -0.37710744 | K97: =K96 -> -0.5848797 | L97: =L96 -> 1.3108226 | M97: =M96 -> 0.93461776 | N97: =I97+J97*C97+K97*D97+L97*E97+M97*F97 -> -1.6344669 | O97: =1/(1+EXP(-N97)) -> 0.16321936 | P97: =IF(O97>0.5,1,0) -> 0 | Q97: =O97-G97 -> 0.16321936 | R97: =Q97^2 -> 0.026640559 | T97: =IF(P97=G97,1,0) -> 1
B98: 8 | C98: 4.6 | D98: 3.2 | E98: 1.4 | F98: 0.2 | G98: 0 | I98: =I97 -> 0.22708411 | J98: =J97 -> -0.37710744 | K98: =K97 -> -0.5848797 | L98: =L97 -> 1.3108226 | M98: =M97 -> 0.93461776 | N98: =I98+J98*C98+K98*D98+L98*E98+M98*F98 -> -1.3571499 | O98: =1/(1+EXP(-N98)) -> 0.20470391 | P98: =IF(O98>0.5,1,0) -> 0 | Q98: =O98-G98 -> 0.20470391 | R98: =Q98^2 -> 0.04190369 | T98: =IF(P98=G98,1,0) -> 1
B99: 9 | C99: 5.3 | D99: 3.7 | E99: 1.5 | F99: 0.2 | G99: 0 | I99: =I98 -> 0.22708411 | J99: =J98 -> -0.37710744 | K99: =K98 -> -0.5848797 | L99: =L98 -> 1.3108226 | M99: =M98 -> 0.93461776 | N99: =I99+J99*C99+K99*D99+L99*E99+M99*F99 -> -1.7824827 | O99: =1/(1+EXP(-N99)) -> 0.14399684 | P99: =IF(O99>0.5,1,0) -> 0 | Q99: =O99-G99 -> 0.14399684 | R99: =Q99^2 -> 0.02073509 | T99: =IF(P99=G99,1,0) -> 1
B100: 10 | C100: 5 | D100: 3.3 | E100: 1.4 | F100: 0.2 | G100: 0 | I100: =I99 -> 0.22708411 | J100: =J99 -> -0.37710744 | K100: =K99 -> -0.5848797 | L100: =L99 -> 1.3108226 | M100: =M99 -> 0.93461776 | N100: =I100+J100*C100+K100*D100+L100*E100+M100*F100 -> -1.5664809 | O100: =1/(1+EXP(-N100)) -> 0.17271865 | P100: =IF(O100>0.5,1,0) -> 0 | Q100: =O100-G100 -> 0.17271865 | R100: =Q100^2 -> 0.029831733 | T100: =IF(P100=G100,1,0) -> 1
B101: 11 | C101: 5.5 | D101: 2.6 | E101: 4.4 | F101: 1.2 | G101: 1 | I101: =I100 -> 0.22708411 | J101: =J100 -> -0.37710744 | K101: =K100 -> -0.5848797 | L101: =L100 -> 1.3108226 | M101: =M100 -> 0.93461776 | N101: =I101+J101*C101+K101*D101+L101*E101+M101*F101 -> 3.5214669 | O101: =1/(1+EXP(-N101)) -> 0.97129244 | P101: =IF(O101>0.5,1,0) -> 1 | Q101: =O101-G101 -> -0.028707565 | R101: =Q101^2 -> 0.00082412429 | T101: =IF(P101=G101,1,0) -> 1
B102: 12 | C102: 6.1 | D102: 3 | E102: 4.6 | F102: 1.4 | G102: 1 | I102: =I101 -> 0.22708411 | J102: =J101 -> -0.37710744 | K102: =K101 -> -0.5848797 | L102: =L101 -> 1.3108226 | M102: =M101 -> 0.93461776 | N102: =I102+J102*C102+K102*D102+L102*E102+M102*F102 -> 3.5103387 | O102: =1/(1+EXP(-N102)) -> 0.97098051 | P102: =IF(O102>0.5,1,0) -> 1 | Q102: =O102-G102 -> -0.029019492 | R102: =Q102^2 -> 0.00084213092 | T102: =IF(P102=G102,1,0) -> 1
B103: 13 | C103: 5.8 | D103: 2.6 | E103: 4 | F103: 1.2 | G103: 1 | I103: =I102 -> 0.22708411 | J103: =J102 -> -0.37710744 | K103: =K102 -> -0.5848797 | L103: =L102 -> 1.3108226 | M103: =M102 -> 0.93461776 | N103: =I103+J103*C103+K103*D103+L103*E103+M103*F103 -> 2.8840056 | O103: =1/(1+EXP(-N103)) -> 0.94705009 | P103: =IF(O103>0.5,1,0) -> 1 | Q103: =O103-G103 -> -0.052949909 | R103: =Q103^2 -> 0.0028036929 | T103: =IF(P103=G103,1,0) -> 1
... B110: 20 | C110: 5.7 | D110: 2.8 | E110: 4.1 | F110: 1.3 | G110: 1 | I110: =I109 -> 0.22708411 | J110: =J109 -> -0.37710744 | K110: =K109 -> -0.5848797 | L110: =L109 -> 1.3108226 | M110: =M109 -> 0.93461776 | N110: =I110+J110*C110+K110*D110+L110*E110+M110*F110 -> 3.0292845 | O110: =1/(1+EXP(-N110)) -> 0.9538797 | P110: =IF(O110>0.5,1,0) -> 1 | Q110: =O110-G110 -> -0.046120295 | R110: =Q110^2 -> 0.0021270816 | T110: =IF(P110=G110,1,0) -> 1
Q111: MSE → | R111: =AVERAGE(R91:R110) -> 0.025099208 | T111: =AVERAGE(T91:T110) -> 1
A113: Confusion Matrix (data testing) | I113: Evaluation Metrics
C114: Prediksi | I114: Metrik | J114: Hasil (%)
C115: Setosa (0) | D115: Versicolor (1) | I115: Akurasi | J115: =(C116+D117)/SUM(C116:D117)*100 -> 100
A116: Aktual | B116: Setosa (0) | C116: =COUNTIFS($G$91:$G$110,0,$P$91:$P$110,0) -> 10 | D116: =COUNTIFS($G$91:$G$110,0,$P$91:$P$110,1) -> 0 | I116: Presisi | J116: =IFERROR(D117/(D117+D116)*100,0) -> 100
B117: Versicolor (1) | C117: =COUNTIFS($G$91:$G$110,1,$P$91:$P$110,0) -> 0 | D117: =COUNTIFS($G$91:$G$110,1,$P$91:$P$110,1) -> 10 | I117: Recall | J117: =IFERROR(D117/(D117+C117)*100,0) -> 100
I118: F1-Score | J118: =IFERROR(2*(J116*J117)/(J116+J117),0) -> 100
I119: Kelas positif = Versicolor (1)

Sheet Hasil dan Visualisasi
A1: Hasil Training & Testing per Epoch (data diacak)
A3: Epoch | B3: MSE (Loss) | D3: Akurasi
B4: Training | C4: Testing | D4: Training | E4: Testing
A5: 1 | B5: ='Epoch 1'!R85 -> 0.44715463 | C5: ='Epoch 1'!R111 -> 0.28755158 | D5: ='Epoch 1'!Y85 -> 0.525 | E5: ='Epoch 1'!T111 -> 0.5
A6: 2 | B6: ='Epoch 2'!R85 -> 0.044862842 | C6: ='Epoch 2'!R111 -> 0.15501014 | D6: ='Epoch 2'!Y85 -> 0.9375 | E6: ='Epoch 2'!T111 -> 0.5
A7: 3 | B7: ='Epoch 3'!R85 -> 0.023811702 | C7: ='Epoch 3'!R111 -> 0.077740282 | D7: ='Epoch 3'!Y85 -> 0.975 | E7: ='Epoch 3'!T111 -> 1
A8: 4 | B8: ='Epoch 4'!R85 -> 0.015115839 | C8: ='Epoch 4'!R111 -> 0.041654606 | D8: ='Epoch 4'!Y85 -> 1 | E8: ='Epoch 4'!T111 -> 1
A9: 5 | B9: ='Epoch 5'!R85 -> 0.010836263 | C9: ='Epoch 5'!R111 -> 0.025099208 | D9: ='Epoch 5'!Y85 -> 1 | E9: ='Epoch 5'!T111 -> 1
A11: Bobot akhir (baris training terakhir epoch 5)
A12: bias | B12: teta1 | C12: teta2 | D12: teta 3 | E12: teta4
A13: ='Epoch 5'!I84 -> 0.22708411 | B13: ='Epoch 5'!J84 -> -0.37710744 | C13: ='Epoch 5'!K84 -> -0.5848797 | D13: ='Epoch 5'!L84 -> 1.3108226 | E13: ='Epoch 5'!M84 -> 0.93461776
A15: Metrik akhir (Epoch 5, data testing)
A16: Akurasi | B16: Presisi | C16: Recall | D16: F1-Score
A17: ='Epoch 5'!J115 -> 100 | B17: ='Epoch 5'!J116 -> 100 | C17: ='Epoch 5'!J117 -> 100 | D17: ='Epoch 5'!J118 -> 100

Sheet Trial without shuffled data
A1: TRIAL — DATA TIDAK DIACAK (40 Setosa berurutan, lalu 40 Versicolor)
G2: Setosa = 0 | I2: Learning Rate | K2: ='Konfigurasi Model'!$B$11 -> 0.1
G3: Versicolor = 1 | I3: Bobot bias | N3: dot | O3: Sigmoid | P3: Prediksi | Q3: error | R3: Sum Square Error
A4: EPOCH | B4: No | C4: X1 | D4: X2 | E4: X3 | F4: X4 | G4: TARGET | I4: bias | J4: teta1 | K4: teta2 | L4: teta 3 | M4: teta4 | N4: z | O4: g(z) | T4: dbias | U4: dteta1 | V4: dteta2 | W4: dteta3 | X4: dteta4 | Y4: Akurasi | AA4: Akurasi per epoch | AB4: MSE per epoch
A5: epoch 1 | B5: 1 | C5: 5.1 | D5: 3.5 | E5: 1.4 | F5: 0.2 | G5: 0 | I5: ='Konfigurasi Model'!$B$10 -> 0.5 | J5: ='Konfigurasi Model'!$B$9 -> 0.5 | K5: ='Konfigurasi Model'!$B$9 -> 0.5 | L5: ='Konfigurasi Model'!$B$9 -> 0.5 | M5: ='Konfigurasi Model'!$B$9 -> 0.5 | N5: =I5+J5*C5+K5*D5+L5*E5+M5*F5 -> 5.6 | O5: =1/(1+EXP(-N5)) -> 0.99631576 | P5: =IF(O5>0.5,1,0) -> 1 | Q5: =O5-G5 -> 0.99631576 | R5: =Q5^2 -> 0.99264509 | T5: =2*(O5-G5)*(1-O5)*O5 -> 0.0073142853 | U5: =2*(O5-G5)*(1-O5)*O5*C5 -> 0.037302855 | V5: =2*(O5-G5)*(1-O5)*O5*D5 -> 0.025599999 | W5: =2*(O5-G5)*(1-O5)*O5*E5 -> 0.010239999 | X5: =2*(O5-G5)*(1-O5)*O5*F5 -> 0.0014628571 | Y5: =IF(P5=G5,1,0) -> 0
B6: 2 | C6: 4.9 | D6: 3 | E6: 1.4 | F6: 0.2 | G6: 0 | I6: =I5-('Konfigurasi Model'!$B$11*T5) -> 0.49926857 | J6: =J5-('Konfigurasi Model'!$B$11*U5) -> 0.49626971 | K6: =K5-('Konfigurasi Model'!$B$11*V5) -> 0.49744 | L6: =L5-('Konfigurasi Model'!$B$11*W5) -> 0.498976 | M6: =M5-('Konfigurasi Model'!$B$11*X5) -> 0.49985371 | N6: =I6+J6*C6+K6*D6+L6*E6+M6*F6 -> 5.2218473 | O6: =1/(1+EXP(-N6)) -> 0.99463163 | P6: =IF(O6>0.5,1,0) -> 1 | Q6: =O6-G6 -> 0.99463163 | R6: =Q6^2 -> 0.98929207 | T6: =2*(O6-G6)*(1-O6)*O6 -> 0.01062178 | U6: =2*(O6-G6)*(1-O6)*O6*C6 -> 0.052046723 | V6: =2*(O6-G6)*(1-O6)*O6*D6 -> 0.031865341 | W6: =2*(O6-G6)*(1-O6)*O6*E6 -> 0.014870492 | X6: =2*(O6-G6)*(1-O6)*O6*F6 -> 0.0021243561 | Y6: =IF(P6=G6,1,0) -> 0
B7: 3 | C7: 4.7 | D7: 3.2 | E7: 1.3 | F7: 0.2 | G7: 0 | I7: =I6-('Konfigurasi Model'!$B$11*T6) -> 0.49820639 | J7: =J6-('Konfigurasi Model'!$B$11*U6) -> 0.49106504 | K7: =K6-('Konfigurasi Model'!$B$11*V6) -> 0.49425347 | L7: =L6-('Konfigurasi Model'!$B$11*W6) -> 0.49748895 | M7: =M6-('Konfigurasi Model'!$B$11*X6) -> 0.49964128 | N7: =I7+J7*C7+K7*D7+L7*E7+M7*F7 -> 5.1344871 | O7: =1/(1+EXP(-N7)) -> 0.99414442 | P7: =IF(O7>0.5,1,0) -> 1 | Q7: =O7-G7 -> 0.99414442 | R7: =Q7^2 -> 0.98832312 | T7: =2*(O7-G7)*(1-O7)*O7 -> 0.011574414 | U7: =2*(O7-G7)*(1-O7)*O7*C7 -> 0.054399748 | V7: =2*(O7-G7)*(1-O7)*O7*D7 -> 0.037038126 | W7: =2*(O7-G7)*(1-O7)*O7*E7 -> 0.015046739 | X7: =2*(O7-G7)*(1-O7)*O7*F7 -> 0.0023148829 | Y7: =IF(P7=G7,1,0) -> 0
B8: 4 | C8: 4.6 | D8: 3.1 | E8: 1.5 | F8: 0.2 | G8: 0 | I8: =I7-('Konfigurasi Model'!$B$11*T7) -> 0.49704895 | J8: =J7-('Konfigurasi Model'!$B$11*U7) -> 0.48562507 | K8: =K7-('Konfigurasi Model'!$B$11*V7) -> 0.49054965 | L8: =L7-('Konfigurasi Model'!$B$11*W7) -> 0.49598428 | M8: =M7-('Konfigurasi Model'!$B$11*X7) -> 0.49940979 | N8: =I8+J8*C8+K8*D8+L8*E8+M8*F8 -> 5.0954866 | O8: =1/(1+EXP(-N8)) -> 0.99391295 | P8: =IF(O8>0.5,1,0) -> 1 | Q8: =O8-G8 -> 0.99391295 | R8: =Q8^2 -> 0.98786296 | T8: =2*(O8-G8)*(1-O8)*O8 -> 0.012026336 | U8: =2*(O8-G8)*(1-O8)*O8*C8 -> 0.055321148 | V8: =2*(O8-G8)*(1-O8)*O8*D8 -> 0.037281643 | W8: =2*(O8-G8)*(1-O8)*O8*E8 -> 0.018039505 | X8: =2*(O8-G8)*(1-O8)*O8*F8 -> 0.0024052673 | Y8: =IF(P8=G8,1,0) -> 0
B9: 5 | C9: 5 | D9: 3.6 | E9: 1.4 | F9: 0.2 | G9: 0 | I9: =I8-('Konfigurasi Model'!$B$11*T8) -> 0.49584632 | J9: =J8-('Konfigurasi Model'!$B$11*U8) -> 0.48009295 | K9: =K8-('Konfigurasi Model'!$B$11*V8) -> 0.48682149 | L9: =L8-('Konfigurasi Model'!$B$11*W8) -> 0.49418033 | M9: =M8-('Konfigurasi Model'!$B$11*X8) -> 0.49916926 | N9: =I9+J9*C9+K9*D9+L9*E9+M9*F9 -> 5.4405548 | O9: =1/(1+EXP(-N9)) -> 0.99568165 | P9: =IF(O9>0.5,1,0) -> 1 | Q9: =O9-G9 -> 0.99568165 | R9: =Q9^2 -> 0.99138195 | T9: =2*(O9-G9)*(1-O9)*O9 -> 0.0085622637 | U9: =2*(O9-G9)*(1-O9)*O9*C9 -> 0.042811319 | V9: =2*(O9-G9)*(1-O9)*O9*D9 -> 0.030824149 | W9: =2*(O9-G9)*(1-O9)*O9*E9 -> 0.011987169 | X9: =2*(O9-G9)*(1-O9)*O9*F9 -> 0.0017124527 | Y9: =IF(P9=G9,1,0) -> 0
B10: 6 | C10: 5.4 | D10: 3.9 | E10: 1.7 | F10: 0.4 | G10: 0 | I10: =I9-('Konfigurasi Model'!$B$11*T9) -> 0.49499009 | J10: =J9-('Konfigurasi Model'!$B$11*U9) -> 0.47581182 | K10: =K9-('Konfigurasi Model'!$B$11*V9) -> 0.48373907 | L10: =L9-('Konfigurasi Model'!$B$11*W9) -> 0.49298161 | M10: =M9-('Konfigurasi Model'!$B$11*X9) -> 0.49899802 | N10: =I10+J10*C10+K10*D10+L10*E10+M10*F10 -> 5.9886243 | O10: =1/(1+EXP(-N10)) -> 0.99749916 | P10: =IF(O10>0.5,1,0) -> 1 | Q10: =O10-G10 -> 0.99749916 | R10: =Q10^2 -> 0.99500457 | T10: =2*(O10-G10)*(1-O10)*O10 -> 0.0049766963 | U10: =2*(O10-G10)*(1-O10)*O10*C10 -> 0.02687416 | V10: =2*(O10-G10)*(1-O10)*O10*D10 -> 0.019409116 | W10: =2*(O10-G10)*(1-O10)*O10*E10 -> 0.0084603838 | X10: =2*(O10-G10)*(1-O10)*O10*F10 -> 0.0019906785 | Y10: =IF(P10=G10,1,0) -> 0
B11: 7 | C11: 4.6 | D11: 3.4 | E11: 1.4 | F11: 0.3 | G11: 0 | I11: =I10-('Konfigurasi Model'!$B$11*T10) -> 0.49449242 | J11: =J10-('Konfigurasi Model'!$B$11*U10) -> 0.4731244 | K11: =K10-('Konfigurasi Model'!$B$11*V10) -> 0.48179816 | L11: =L10-('Konfigurasi Model'!$B$11*W10) -> 0.49213557 | M11: =M10-('Konfigurasi Model'!$B$11*X10) -> 0.49879895 | N11: =I11+J11*C11+K11*D11+L11*E11+M11*F11 -> 5.1476079 | O11: =1/(1+EXP(-N11)) -> 0.99422031 | P11: =IF(O11>0.5,1,0) -> 1 | Q11: =O11-G11 -> 0.99422031 | R11: =Q11^2 -> 0.98847402 | T11: =2*(O11-G11)*(1-O11)*O11 -> 0.011426156 | U11: =2*(O11-G11)*(1-O11)*O11*C11 -> 0.05256032 | V11: =2*(O11-G11)*(1-O11)*O11*D11 -> 0.038848932 | W11: =2*(O11-G11)*(1-O11)*O11*E11 -> 0.015996619 | X11: =2*(O11-G11)*(1-O11)*O11*F11 -> 0.0034278469 | Y11: =IF(P11=G11,1,0) -> 0
B12: 8 | C12: 5 | D12: 3.4 | E12: 1.5 | F12: 0.2 | G12: 0 | I12: =I11-('Konfigurasi Model'!$B$11*T11) -> 0.49334981 | J12: =J11-('Konfigurasi Model'!$B$11*U11) -> 0.46786837 | K12: =K11-('Konfigurasi Model'!$B$11*V11) -> 0.47791327 | L12: =L11-('Konfigurasi Model'!$B$11*W11) -> 0.49053591 | M12: =M11-('Konfigurasi Model'!$B$11*X11) -> 0.49845617 | N12: =I12+J12*C12+K12*D12+L12*E12+M12*F12 -> 5.2930919 | O12: =1/(1+EXP(-N12)) -> 0.99499894 | P12: =IF(O12>0.5,1,0) -> 1 | Q12: =O12-G12 -> 0.99499894 | R12: =Q12^2 -> 0.99002289 | T12: =2*(O12-G12)*(1-O12)*O12 -> 0.0099023268 | U12: =2*(O12-G12)*(1-O12)*O12*C12 -> 0.049511634 | V12: =2*(O12-G12)*(1-O12)*O12*D12 -> 0.033667911 | W12: =2*(O12-G12)*(1-O12)*O12*E12 -> 0.01485349 | X12: =2*(O12-G12)*(1-O12)*O12*F12 -> 0.0019804654 | Y12: =IF(P12=G12,1,0) -> 0
B13: 9 | C13: 4.4 | D13: 2.9 | E13: 1.4 | F13: 0.2 | G13: 0 | I13: =I12-('Konfigurasi Model'!$B$11*T12) -> 0.49235957 | J13: =J12-('Konfigurasi Model'!$B$11*U12) -> 0.46291721 | K13: =K12-('Konfigurasi Model'!$B$11*V12) -> 0.47454648 | L13: =L12-('Konfigurasi Model'!$B$11*W12) -> 0.48905056 | M13: =M12-('Konfigurasi Model'!$B$11*X12) -> 0.49825812 | N13: =I13+J13*C13+K13*D13+L13*E13+M13*F13 -> 4.6897025 | O13: =1/(1+EXP(-N13)) -> 0.99089426 | P13: =IF(O13>0.5,1,0) -> 1 | Q13: =O13-G13 -> 0.99089426 | R13: =Q13^2 -> 0.98187143 | T13: =2*(O13-G13)*(1-O13)*O13 -> 0.017881338 | U13: =2*(O13-G13)*(1-O13)*O13*C13 -> 0.078677888 | V13: =2*(O13-G13)*(1-O13)*O13*D13 -> 0.051855881 | W13: =2*(O13-G13)*(1-O13)*O13*E13 -> 0.025033873 | X13: =2*(O13-G13)*(1-O13)*O13*F13 -> 0.0035762676 | Y13: =IF(P13=G13,1,0) -> 0
B14: 10 | C14: 4.9 | D14: 3.1 | E14: 1.5 | F14: 0.1 | G14: 0 | I14: =I13-('Konfigurasi Model'!$B$11*T13) -> 0.49057144 | J14: =J13-('Konfigurasi Model'!$B$11*U13) -> 0.45504942 | K14: =K13-('Konfigurasi Model'!$B$11*V13) -> 0.46936089 | L14: =L13-('Konfigurasi Model'!$B$11*W13) -> 0.48654717 | M14: =M13-('Konfigurasi Model'!$B$11*X13) -> 0.49790049 | N14: =I14+J14*C14+K14*D14+L14*E14+M14*F14 -> 4.9549432 | O14: =1/(1+EXP(-N14)) -> 0.99300085 | P14: =IF(O14>0.5,1,0) -> 1 | Q14: =O14-G14 -> 0.99300085 | R14: =Q14^2 -> 0.98605069 | T14: =2*(O14-G14)*(1-O14)*O14 -> 0.013803028 | U14: =2*(O14-G14)*(1-O14)*O14*C14 -> 0.067634839 | V14: =2*(O14-G14)*(1-O14)*O14*D14 -> 0.042789388 | W14: =2*(O14-G14)*(1-O14)*O14*E14 -> 0.020704543 | X14: =2*(O14-G14)*(1-O14)*O14*F14 -> 0.0013803028 | Y14: =IF(P14=G14,1,0) -> 0
B15: 11 | C15: 5.4 | D15: 3.7 | E15: 1.5 | F15: 0.2 | G15: 0 | I15: =I14-('Konfigurasi Model'!$B$11*T14) -> 0.48919114 | J15: =J14-('Konfigurasi Model'!$B$11*U14) -> 0.44828594 | K15: =K14-('Konfigurasi Model'!$B$11*V14) -> 0.46508195 | L15: =L14-('Konfigurasi Model'!$B$11*W14) -> 0.48447672 | M15: =M14-('Konfigurasi Model'!$B$11*X14) -> 0.49776246 | N15: =I15+J15*C15+K15*D15+L15*E15+M15*F15 -> 5.457006 | O15: =1/(1+EXP(-N15)) -> 0.99575181 | P15: =IF(O15>0.5,1,0) -> 1 | Q15: =O15-G15 -> 0.99575181 | R15: =Q15^2 -> 0.99152168 | T15: =2*(O15-G15)*(1-O15)*O15 -> 0.0084243369 | U15: =2*(O15-G15)*(1-O15)*O15*C15 -> 0.045491419 | V15: =2*(O15-G15)*(1-O15)*O15*D15 -> 0.031170047 | W15: =2*(O15-G15)*(1-O15)*O15*E15 -> 0.012636505 | X15: =2*(O15-G15)*(1-O15)*O15*F15 -> 0.0016848674 | Y15: =IF(P15=G15,1,0) -> 0
B16: 12 | C16: 4.8 | D16: 3.4 | E16: 1.6 | F16: 0.2 | G16: 0 | I16: =I15-('Konfigurasi Model'!$B$11*T15) -> 0.4883487 | J16: =J15-('Konfigurasi Model'!$B$11*U15) -> 0.44373679 | K16: =K15-('Konfigurasi Model'!$B$11*V15) -> 0.46196495 | L16: =L15-('Konfigurasi Model'!$B$11*W15) -> 0.48321307 | M16: =M15-('Konfigurasi Model'!$B$11*X15) -> 0.49759398 | N16: =I16+J16*C16+K16*D16+L16*E16+M16*F16 -> 5.0616258 | O16: =1/(1+EXP(-N16)) -> 0.99370463 | P16: =IF(O16>0.5,1,0) -> 1 | Q16: =O16-G16 -> 0.99370463 | R16: =Q16^2 -> 0.9874489 | T16: =2*(O16-G16)*(1-O16)*O16 -> 0.012432709 | U16: =2*(O16-G16)*(1-O16)*O16*C16 -> 0.059677003 | V16: =2*(O16-G16)*(1-O16)*O16*D16 -> 0.04227121 | W16: =2*(O16-G16)*(1-O16)*O16*E16 -> 0.019892334 | X16: =2*(O16-G16)*(1-O16)*O16*F16 -> 0.0024865418 | Y16: =IF(P16=G16,1,0) -> 0
B17: 13 | C17: 4.8 | D17: 3 | E17: 1.4 | F17: 0.1 | G17: 0 | I17: =I16-('Konfigurasi Model'!$B$11*T16) -> 0.48710543 | J17: =J16-('Konfigurasi Model'!$B$11*U16) -> 0.43776909 | K17: =K16-('Konfigurasi Model'!$B$11*V16) -> 0.45773783 | L17: =L16-('Konfigurasi Model'!$B$11*W16) -> 0.48122383 | M17: =M16-('Konfigurasi Model'!$B$11*X16) -> 0.49734532 | N17: =I17+J17*C17+K17*D17+L17*E17+M17*F17 -> 4.6850585 | O17: =1/(1+EXP(-N17)) -> 0.99085226 | P17: =IF(O17>0.5,1,0) -> 1 | Q17: =O17-G17 -> 0.99085226 | R17: =Q17^2 -> 0.9817882 | T17: =2*(O17-G17)*(1-O17)*O17 -> 0.017962289 | U17: =2*(O17-G17)*(1-O17)*O17*C17 -> 0.086218985 | V17: =2*(O17-G17)*(1-O17)*O17*D17 -> 0.053886866 | W17: =2*(O17-G17)*(1-O17)*O17*E17 -> 0.025147204 | X17: =2*(O17-G17)*(1-O17)*O17*F17 -> 0.0017962289 | Y17: =IF(P17=G17,1,0) -> 0
... B83: 79 | C83: 5.6 | D83: 3 | E83: 4.1 | F83: 1.3 | G83: 1 | I83: =I82-('Konfigurasi Model'!$B$11*T82) -> 0.37983676 | J83: =J82-('Konfigurasi Model'!$B$11*U82) -> -0.021902874 | K83: =K82-('Konfigurasi Model'!$B$11*V82) -> 0.070081781 | L83: =L82-('Konfigurasi Model'!$B$11*W82) -> 0.52242862 | M83: =M82-('Konfigurasi Model'!$B$11*X82) -> 0.550491 | N83: =I83+J83*C83+K83*D83+L83*E83+M83*F83 -> 3.3250216 | O83: =1/(1+EXP(-N83)) -> 0.9652773 | P83: =IF(O83>0.5,1,0) -> 1 | Q83: =O83-G83 -> -0.034722704 | R83: =Q83^2 -> 0.0012056662 | T83: =2*(O83-G83)*(1-O83)*O83 -> -0.0023276044 | U83: =2*(O83-G83)*(1-O83)*O83*C83 -> -0.013034585 | V83: =2*(O83-G83)*(1-O83)*O83*D83 -> -0.0069828131 | W83: =2*(O83-G83)*(1-O83)*O83*E83 -> -0.0095431779 | X83: =2*(O83-G83)*(1-O83)*O83*F83 -> -0.0030258857 | Y83: =IF(P83=G83,1,0) -> 1
B84: 80 | C84: 5.5 | D84: 2.5 | E84: 4 | F84: 1.3 | G84: 1 | I84: =I83-('Konfigurasi Model'!$B$11*T83) -> 0.38006952 | J84: =J83-('Konfigurasi Model'!$B$11*U83) -> -0.020599416 | K84: =K83-('Konfigurasi Model'!$B$11*V83) -> 0.070780062 | L84: =L83-('Konfigurasi Model'!$B$11*W83) -> 0.52338294 | M84: =M83-('Konfigurasi Model'!$B$11*X83) -> 0.55079359 | N84: =I84+J84*C84+K84*D84+L84*E84+M84*F84 -> 3.2532863 | O84: =1/(1+EXP(-N84)) -> 0.96279102 | P84: =IF(O84>0.5,1,0) -> 1 | Q84: =O84-G84 -> -0.037208978 | R84: =Q84^2 -> 0.0013845081 | T84: =2*(O84-G84)*(1-O84)*O84 -> -0.0026659838 | U84: =2*(O84-G84)*(1-O84)*O84*C84 -> -0.014662911 | V84: =2*(O84-G84)*(1-O84)*O84*D84 -> -0.0066649596 | W84: =2*(O84-G84)*(1-O84)*O84*E84 -> -0.010663935 | X84: =2*(O84-G84)*(1-O84)*O84*F84 -> -0.003465779 | Y84: =IF(P84=G84,1,0) -> 1 | AA84: =AVERAGE(Y5:Y84) -> 0.525 | AB84: =AVERAGE(R5:R84) -> 0.44988866
A85: epoch 2 | B85: 1 | C85: 5.1 | D85: 3.5 | E85: 1.4 | F85: 0.2 | G85: 0 | I85: =I84 -> 0.38006952 | J85: =J84 -> -0.020599416 | K85: =K84 -> 0.070780062 | L85: =L84 -> 0.52338294 | M85: =M84 -> 0.55079359 | N85: =I85+J85*C85+K85*D85+L85*E85+M85*F85 -> 1.3656375 | O85: =1/(1+EXP(-N85)) -> 0.79667442 | P85: =IF(O85>0.5,1,0) -> 1 | Q85: =O85-G85 -> 0.79667442 | R85: =Q85^2 -> 0.63469013 | T85: =2*(O85-G85)*(1-O85)*O85 -> 0.25809748 | U85: =2*(O85-G85)*(1-O85)*O85*C85 -> 1.3162971 | V85: =2*(O85-G85)*(1-O85)*O85*D85 -> 0.90334118 | W85: =2*(O85-G85)*(1-O85)*O85*E85 -> 0.36133647 | X85: =2*(O85-G85)*(1-O85)*O85*F85 -> 0.051619496 | Y85: =IF(P85=G85,1,0) -> 0
B86: 2 | C86: 4.9 | D86: 3 | E86: 1.4 | F86: 0.2 | G86: 0 | I86: =I85-('Konfigurasi Model'!$B$11*T85) -> 0.35425977 | J86: =J85-('Konfigurasi Model'!$B$11*U85) -> -0.15222913 | K86: =K85-('Konfigurasi Model'!$B$11*V85) -> -0.019554055 | L86: =L85-('Konfigurasi Model'!$B$11*W85) -> 0.48724929 | M86: =M85-('Konfigurasi Model'!$B$11*X85) -> 0.54563164 | N86: =I86+J86*C86+K86*D86+L86*E86+M86*F86 -> 0.3409502 | O86: =1/(1+EXP(-N86)) -> 0.58442132 | P86: =IF(O86>0.5,1,0) -> 1 | Q86: =O86-G86 -> 0.58442132 | R86: =Q86^2 -> 0.34154828 | T86: =2*(O86-G86)*(1-O86)*O86 -> 0.28388037 | U86: =2*(O86-G86)*(1-O86)*O86*C86 -> 1.3910138 | V86: =2*(O86-G86)*(1-O86)*O86*D86 -> 0.8516411 | W86: =2*(O86-G86)*(1-O86)*O86*E86 -> 0.39743251 | X86: =2*(O86-G86)*(1-O86)*O86*F86 -> 0.056776073 | Y86: =IF(P86=G86,1,0) -> 0
B87: 3 | C87: 4.7 | D87: 3.2 | E87: 1.3 | F87: 0.2 | G87: 0 | I87: =I86-('Konfigurasi Model'!$B$11*T86) -> 0.32587174 | J87: =J86-('Konfigurasi Model'!$B$11*U86) -> -0.29133051 | K87: =K86-('Konfigurasi Model'!$B$11*V86) -> -0.10471817 | L87: =L86-('Konfigurasi Model'!$B$11*W86) -> 0.44750604 | M87: =M86-('Konfigurasi Model'!$B$11*X86) -> 0.53995403 | N87: =I87+J87*C87+K87*D87+L87*E87+M87*F87 -> -0.68873113 | O87: =1/(1+EXP(-N87)) -> 0.3343154 | P87: =IF(O87>0.5,1,0) -> 0 | Q87: =O87-G87 -> 0.3343154 | R87: =Q87^2 -> 0.11176679 | T87: =2*(O87-G87)*(1-O87)*O87 -> 0.14880286 | U87: =2*(O87-G87)*(1-O87)*O87*C87 -> 0.69937343 | V87: =2*(O87-G87)*(1-O87)*O87*D87 -> 0.47616914 | W87: =2*(O87-G87)*(1-O87)*O87*E87 -> 0.19344371 | X87: =2*(O87-G87)*(1-O87)*O87*F87 -> 0.029760571 | Y87: =IF(P87=G87,1,0) -> 1
B88: 4 | C88: 4.6 | D88: 3.1 | E88: 1.5 | F88: 0.2 | G88: 0 | I88: =I87-('Konfigurasi Model'!$B$11*T87) -> 0.31099145 | J88: =J87-('Konfigurasi Model'!$B$11*U87) -> -0.36126785 | K88: =K87-('Konfigurasi Model'!$B$11*V87) -> -0.15233508 | L88: =L87-('Konfigurasi Model'!$B$11*W87) -> 0.42816167 | M88: =M87-('Konfigurasi Model'!$B$11*X87) -> 0.53697798 | N88: =I88+J88*C88+K88*D88+L88*E88+M88*F88 -> -1.0734413 | O88: =1/(1+EXP(-N88)) -> 0.25474919 | P88: =IF(O88>0.5,1,0) -> 0 | Q88: =O88-G88 -> 0.25474919 | R88: =Q88^2 -> 0.064897151 | T88: =2*(O88-G88)*(1-O88)*O88 -> 0.096729308 | U88: =2*(O88-G88)*(1-O88)*O88*C88 -> 0.44495482 | V88: =2*(O88-G88)*(1-O88)*O88*D88 -> 0.29986085 | W88: =2*(O88-G88)*(1-O88)*O88*E88 -> 0.14509396 | X88: =2*(O88-G88)*(1-O88)*O88*F88 -> 0.019345862 | Y88: =IF(P88=G88,1,0) -> 1
B89: 5 | C89: 5 | D89: 3.6 | E89: 1.4 | F89: 0.2 | G89: 0 | I89: =I88-('Konfigurasi Model'!$B$11*T88) -> 0.30131852 | J89: =J88-('Konfigurasi Model'!$B$11*U88) -> -0.40576333 | K89: =K88-('Konfigurasi Model'!$B$11*V88) -> -0.18232116 | L89: =L88-('Konfigurasi Model'!$B$11*W88) -> 0.41365227 | M89: =M88-('Konfigurasi Model'!$B$11*X88) -> 0.53504339 | N89: =I89+J89*C89+K89*D89+L89*E89+M89*F89 -> -1.6977325 | O89: =1/(1+EXP(-N89)) -> 0.15476165 | P89: =IF(O89>0.5,1,0) -> 0 | Q89: =O89-G89 -> 0.15476165 | R89: =Q89^2 -> 0.023951168 | T89: =2*(O89-G89)*(1-O89)*O89 -> 0.040488891 | U89: =2*(O89-G89)*(1-O89)*O89*C89 -> 0.20244445 | V89: =2*(O89-G89)*(1-O89)*O89*D89 -> 0.14576001 | W89: =2*(O89-G89)*(1-O89)*O89*E89 -> 0.056684447 | X89: =2*(O89-G89)*(1-O89)*O89*F89 -> 0.0080977782 | Y89: =IF(P89=G89,1,0) -> 1
B90: 6 | C90: 5.4 | D90: 3.9 | E90: 1.7 | F90: 0.4 | G90: 0 | I90: =I89-('Konfigurasi Model'!$B$11*T89) -> 0.29726963 | J90: =J89-('Konfigurasi Model'!$B$11*U89) -> -0.42600778 | K90: =K89-('Konfigurasi Model'!$B$11*V89) -> -0.19689717 | L90: =L89-('Konfigurasi Model'!$B$11*W89) -> 0.40798383 | M90: =M89-('Konfigurasi Model'!$B$11*X89) -> 0.53423361 | N90: =I90+J90*C90+K90*D90+L90*E90+M90*F90 -> -1.8638054 | O90: =1/(1+EXP(-N90)) -> 0.13426012 | P90: =IF(O90>0.5,1,0) -> 0 | Q90: =O90-G90 -> 0.13426012 | R90: =Q90^2 -> 0.01802578 | T90: =2*(O90-G90)*(1-O90)*O90 -> 0.031211273 | U90: =2*(O90-G90)*(1-O90)*O90*C90 -> 0.16854088 | V90: =2*(O90-G90)*(1-O90)*O90*D90 -> 0.12172397 | W90: =2*(O90-G90)*(1-O90)*O90*E90 -> 0.053059165 | X90: =2*(O90-G90)*(1-O90)*O90*F90 -> 0.012484509 | Y90: =IF(P90=G90,1,0) -> 1
B91: 7 | C91: 4.6 | D91: 3.4 | E91: 1.4 | F91: 0.3 | G91: 0 | I91: =I90-('Konfigurasi Model'!$B$11*T90) -> 0.29414851 | J91: =J90-('Konfigurasi Model'!$B$11*U90) -> -0.44286187 | K91: =K90-('Konfigurasi Model'!$B$11*V90) -> -0.20906956 | L91: =L90-('Konfigurasi Model'!$B$11*W90) -> 0.40267791 | M91: =M90-('Konfigurasi Model'!$B$11*X90) -> 0.53298516 | N91: =I91+J91*C91+K91*D91+L91*E91+M91*F91 -> -1.730208 | O91: =1/(1+EXP(-N91)) -> 0.15056098 | P91: =IF(O91>0.5,1,0) -> 0 | Q91: =O91-G91 -> 0.15056098 | R91: =Q91^2 -> 0.022668609 | T91: =2*(O91-G91)*(1-O91)*O91 -> 0.038511201 | U91: =2*(O91-G91)*(1-O91)*O91*C91 -> 0.17715153 | V91: =2*(O91-G91)*(1-O91)*O91*D91 -> 0.13093808 | W91: =2*(O91-G91)*(1-O91)*O91*E91 -> 0.053915682 | X91: =2*(O91-G91)*(1-O91)*O91*F91 -> 0.01155336 | Y91: =IF(P91=G91,1,0) -> 1
B92: 8 | C92: 5 | D92: 3.4 | E92: 1.5 | F92: 0.2 | G92: 0 | I92: =I91-('Konfigurasi Model'!$B$11*T91) -> 0.29029739 | J92: =J91-('Konfigurasi Model'!$B$11*U91) -> -0.46057702 | K92: =K91-('Konfigurasi Model'!$B$11*V91) -> -0.22216337 | L92: =L91-('Konfigurasi Model'!$B$11*W91) -> 0.39728634 | M92: =M91-('Konfigurasi Model'!$B$11*X91) -> 0.53182983 | N92: =I92+J92*C92+K92*D92+L92*E92+M92*F92 -> -2.0656477 | O92: =1/(1+EXP(-N92)) -> 0.11248079 | P92: =IF(O92>0.5,1,0) -> 0 | Q92: =O92-G92 -> 0.11248079 | R92: =Q92^2 -> 0.012651929 | T92: =2*(O92-G92)*(1-O92)*O92 -> 0.022457659 | U92: =2*(O92-G92)*(1-O92)*O92*C92 -> 0.1122883 | V92: =2*(O92-G92)*(1-O92)*O92*D92 -> 0.076356041 | W92: =2*(O92-G92)*(1-O92)*O92*E92 -> 0.033686489 | X92: =2*(O92-G92)*(1-O92)*O92*F92 -> 0.0044915318 | Y92: =IF(P92=G92,1,0) -> 1
B93: 9 | C93: 4.4 | D93: 2.9 | E93: 1.4 | F93: 0.2 | G93: 0 | I93: =I92-('Konfigurasi Model'!$B$11*T92) -> 0.28805162 | J93: =J92-('Konfigurasi Model'!$B$11*U92) -> -0.47180585 | K93: =K92-('Konfigurasi Model'!$B$11*V92) -> -0.22979897 | L93: =L92-('Konfigurasi Model'!$B$11*W92) -> 0.39391769 | M93: =M92-('Konfigurasi Model'!$B$11*X92) -> 0.53138067 | N93: =I93+J93*C93+K93*D93+L93*E93+M93*F93 -> -1.7965502 | O93: =1/(1+EXP(-N93)) -> 0.14227152 | P93: =IF(O93>0.5,1,0) -> 0 | Q93: =O93-G93 -> 0.14227152 | R93: =Q93^2 -> 0.020241186 | T93: =2*(O93-G93)*(1-O93)*O93 -> 0.034722883 | U93: =2*(O93-G93)*(1-O93)*O93*C93 -> 0.15278068 | V93: =2*(O93-G93)*(1-O93)*O93*D93 -> 0.10069636 | W93: =2*(O93-G93)*(1-O93)*O93*E93 -> 0.048612036 | X93: =2*(O93-G93)*(1-O93)*O93*F93 -> 0.0069445766 | Y93: =IF(P93=G93,1,0) -> 1
B94: 10 | C94: 4.9 | D94: 3.1 | E94: 1.5 | F94: 0.1 | G94: 0 | I94: =I93-('Konfigurasi Model'!$B$11*T93) -> 0.28457933 | J94: =J93-('Konfigurasi Model'!$B$11*U93) -> -0.48708392 | K94: =K93-('Konfigurasi Model'!$B$11*V93) -> -0.23986861 | L94: =L93-('Konfigurasi Model'!$B$11*W93) -> 0.38905649 | M94: =M93-('Konfigurasi Model'!$B$11*X93) -> 0.53068621 | N94: =I94+J94*C94+K94*D94+L94*E94+M94*F94 -> -2.2090712 | O94: =1/(1+EXP(-N94)) -> 0.098938844 | P94: =IF(O94>0.5,1,0) -> 0 | Q94: =O94-G94 -> 0.098938844 | R94: =Q94^2 -> 0.0097888949 | T94: =2*(O94-G94)*(1-O94)*O94 -> 0.017640786 | U94: =2*(O94-G94)*(1-O94)*O94*C94 -> 0.086439851 | V94: =2*(O94-G94)*(1-O94)*O94*D94 -> 0.054686436 | W94: =2*(O94-G94)*(1-O94)*O94*E94 -> 0.026461179 | X94: =2*(O94-G94)*(1-O94)*O94*F94 -> 0.0017640786 | Y94: =IF(P94=G94,1,0) -> 1
B95: 11 | C95: 5.4 | D95: 3.7 | E95: 1.5 | F95: 0.2 | G95: 0 | I95: =I94-('Konfigurasi Model'!$B$11*T94) -> 0.28281525 | J95: =J94-('Konfigurasi Model'!$B$11*U94) -> -0.4957279 | K95: =K94-('Konfigurasi Model'!$B$11*V94) -> -0.24533725 | L95: =L94-('Konfigurasi Model'!$B$11*W94) -> 0.38641037 | M95: =M94-('Konfigurasi Model'!$B$11*X94) -> 0.53050981 | N95: =I95+J95*C95+K95*D95+L95*E95+M95*F95 -> -2.6161457 | O95: =1/(1+EXP(-N95)) -> 0.068106509 | P95: =IF(O95>0.5,1,0) -> 0 | Q95: =O95-G95 -> 0.068106509 | R95: =Q95^2 -> 0.0046384965 | T95: =2*(O95-G95)*(1-O95)*O95 -> 0.0086451694 | U95: =2*(O95-G95)*(1-O95)*O95*C95 -> 0.046683915 | V95: =2*(O95-G95)*(1-O95)*O95*D95 -> 0.031987127 | W95: =2*(O95-G95)*(1-O95)*O95*E95 -> 0.012967754 | X95: =2*(O95-G95)*(1-O95)*O95*F95 -> 0.0017290339 | Y95: =IF(P95=G95,1,0) -> 1
B96: 12 | C96: 4.8 | D96: 3.4 | E96: 1.6 | F96: 0.2 | G96: 0 | I96: =I95-('Konfigurasi Model'!$B$11*T95) -> 0.28195074 | J96: =J95-('Konfigurasi Model'!$B$11*U95) -> -0.50039629 | K96: =K95-('Konfigurasi Model'!$B$11*V95) -> -0.24853597 | L96: =L95-('Konfigurasi Model'!$B$11*W95) -> 0.38511359 | M96: =M95-('Konfigurasi Model'!$B$11*X95) -> 0.5303369 | N96: =I96+J96*C96+K96*D96+L96*E96+M96*F96 -> -2.2427246 | O96: =1/(1+EXP(-N96)) -> 0.095978873 | P96: =IF(O96>0.5,1,0) -> 0 | Q96: =O96-G96 -> 0.095978873 | R96: =Q96^2 -> 0.0092119441 | T96: =2*(O96-G96)*(1-O96)*O96 -> 0.016655584 | U96: =2*(O96-G96)*(1-O96)*O96*C96 -> 0.079946804 | V96: =2*(O96-G96)*(1-O96)*O96*D96 -> 0.056628986 | W96: =2*(O96-G96)*(1-O96)*O96*E96 -> 0.026648935 | X96: =2*(O96-G96)*(1-O96)*O96*F96 -> 0.0033311168 | Y96: =IF(P96=G96,1,0) -> 1
B97: 13 | C97: 4.8 | D97: 3 | E97: 1.4 | F97: 0.1 | G97: 0 | I97: =I96-('Konfigurasi Model'!$B$11*T96) -> 0.28028518 | J97: =J96-('Konfigurasi Model'!$B$11*U96) -> -0.50839097 | K97: =K96-('Konfigurasi Model'!$B$11*V96) -> -0.25419887 | L97: =L96-('Konfigurasi Model'!$B$11*W96) -> 0.3824487 | M97: =M96-('Konfigurasi Model'!$B$11*X96) -> 0.53000379 | N97: =I97+J97*C97+K97*D97+L97*E97+M97*F97 -> -2.3341595 | O97: =1/(1+EXP(-N97)) -> 0.08833312 | P97: =IF(O97>0.5,1,0) -> 0 | Q97: =O97-G97 -> 0.08833312 | R97: =Q97^2 -> 0.0078027401 | T97: =2*(O97-G97)*(1-O97)*O97 -> 0.014226999 | U97: =2*(O97-G97)*(1-O97)*O97*C97 -> 0.068289597 | V97: =2*(O97-G97)*(1-O97)*O97*D97 -> 0.042680998 | W97: =2*(O97-G97)*(1-O97)*O97*E97 -> 0.019917799 | X97: =2*(O97-G97)*(1-O97)*O97*F97 -> 0.0014226999 | Y97: =IF(P97=G97,1,0) -> 1
... B163: 79 | C163: 5.6 | D163: 3 | E163: 4.1 | F163: 1.3 | G163: 1 | I163: =I162-('Konfigurasi Model'!$B$11*T162) -> 0.34204253 | J163: =J162-('Konfigurasi Model'!$B$11*U162) -> -0.095784223 | K163: =K162-('Konfigurasi Model'!$B$11*V162) -> -0.077171387 | L163: =L162-('Konfigurasi Model'!$B$11*W162) -> 0.70472421 | M163: =M162-('Konfigurasi Model'!$B$11*X162) -> 0.63555605 | N163: =I163+J163*C163+K163*D163+L163*E163+M163*F163 -> 3.2897289 | O163: =1/(1+EXP(-N163)) -> 0.96407476 | P163: =IF(O163>0.5,1,0) -> 1 | Q163: =O163-G163 -> -0.035925236 | R163: =Q163^2 -> 0.0012906226 | T163: =2*(O163-G163)*(1-O163)*O163 -> -0.0024885133 | U163: =2*(O163-G163)*(1-O163)*O163*C163 -> -0.013935674 | V163: =2*(O163-G163)*(1-O163)*O163*D163 -> -0.0074655398 | W163: =2*(O163-G163)*(1-O163)*O163*E163 -> -0.010202904 | X163: =2*(O163-G163)*(1-O163)*O163*F163 -> -0.0032350672 | Y163: =IF(P163=G163,1,0) -> 1
B164: 80 | C164: 5.5 | D164: 2.5 | E164: 4 | F164: 1.3 | G164: 1 | I164: =I163-('Konfigurasi Model'!$B$11*T163) -> 0.34229138 | J164: =J163-('Konfigurasi Model'!$B$11*U163) -> -0.094390656 | K164: =K163-('Konfigurasi Model'!$B$11*V163) -> -0.076424833 | L164: =L163-('Konfigurasi Model'!$B$11*W163) -> 0.7057445 | M164: =M163-('Konfigurasi Model'!$B$11*X163) -> 0.63587955 | N164: =I164+J164*C164+K164*D164+L164*E164+M164*F164 -> 3.2817021 | O164: =1/(1+EXP(-N164)) -> 0.96379572 | P164: =IF(O164>0.5,1,0) -> 1 | Q164: =O164-G164 -> -0.036204276 | R164: =Q164^2 -> 0.0013107496 | T164: =2*(O164-G164)*(1-O164)*O164 -> -0.0025265897 | U164: =2*(O164-G164)*(1-O164)*O164*C164 -> -0.013896244 | V164: =2*(O164-G164)*(1-O164)*O164*D164 -> -0.0063164744 | W164: =2*(O164-G164)*(1-O164)*O164*E164 -> -0.010106359 | X164: =2*(O164-G164)*(1-O164)*O164*F164 -> -0.0032845667 | Y164: =IF(P164=G164,1,0) -> 1 | AA164: =AVERAGE(Y85:Y164) -> 0.95 | AB164: =AVERAGE(R85:R164) -> 0.037355362
A165: epoch 3 | B165: 1 | C165: 5.1 | D165: 3.5 | E165: 1.4 | F165: 0.2 | G165: 0 | I165: =I164 -> 0.34229138 | J165: =J164 -> -0.094390656 | K165: =K164 -> -0.076424833 | L165: =L164 -> 0.7057445 | M165: =M164 -> 0.63587955 | N165: =I165+J165*C165+K165*D165+L165*E165+M165*F165 -> 0.70863034 | O165: =1/(1+EXP(-N165)) -> 0.67009844 | P165: =IF(O165>0.5,1,0) -> 1 | Q165: =O165-G165 -> 0.67009844 | R165: =Q165^2 -> 0.44903193 | T165: =2*(O165-G165)*(1-O165)*O165 -> 0.29627266 | U165: =2*(O165-G165)*(1-O165)*O165*C165 -> 1.5109906 | V165: =2*(O165-G165)*(1-O165)*O165*D165 -> 1.0369543 | W165: =2*(O165-G165)*(1-O165)*O165*E165 -> 0.41478173 | X165: =2*(O165-G165)*(1-O165)*O165*F165 -> 0.059254532 | Y165: =IF(P165=G165,1,0) -> 0
B166: 2 | C166: 4.9 | D166: 3 | E166: 1.4 | F166: 0.2 | G166: 0 | I166: =I165-('Konfigurasi Model'!$B$11*T165) -> 0.31266412 | J166: =J165-('Konfigurasi Model'!$B$11*U165) -> -0.24548971 | K166: =K165-('Konfigurasi Model'!$B$11*V165) -> -0.18012026 | L166: =L165-('Konfigurasi Model'!$B$11*W165) -> 0.66426633 | M166: =M165-('Konfigurasi Model'!$B$11*X165) -> 0.6299541 | N166: =I166+J166*C166+K166*D166+L166*E166+M166*F166 -> -0.37463258 | O166: =1/(1+EXP(-N166)) -> 0.4074221 | P166: =IF(O166>0.5,1,0) -> 0 | Q166: =O166-G166 -> 0.4074221 | R166: =Q166^2 -> 0.16599277 | T166: =2*(O166-G166)*(1-O166)*O166 -> 0.19672729 | U166: =2*(O166-G166)*(1-O166)*O166*C166 -> 0.96396373 | V166: =2*(O166-G166)*(1-O166)*O166*D166 -> 0.59018188 | W166: =2*(O166-G166)*(1-O166)*O166*E166 -> 0.27541821 | X166: =2*(O166-G166)*(1-O166)*O166*F166 -> 0.039345458 | Y166: =IF(P166=G166,1,0) -> 1
B167: 3 | C167: 4.7 | D167: 3.2 | E167: 1.3 | F167: 0.2 | G167: 0 | I167: =I166-('Konfigurasi Model'!$B$11*T166) -> 0.29299139 | J167: =J166-('Konfigurasi Model'!$B$11*U166) -> -0.34188609 | K167: =K166-('Konfigurasi Model'!$B$11*V166) -> -0.23913845 | L167: =L166-('Konfigurasi Model'!$B$11*W166) -> 0.63672451 | M167: =M166-('Konfigurasi Model'!$B$11*X166) -> 0.62601955 | N167: =I167+J167*C167+K167*D167+L167*E167+M167*F167 -> -1.1261705 | O167: =1/(1+EXP(-N167)) -> 0.24486852 | P167: =IF(O167>0.5,1,0) -> 0 | Q167: =O167-G167 -> 0.24486852 | R167: =Q167^2 -> 0.05996059 | T167: =2*(O167-G167)*(1-O167)*O167 -> 0.090556259 | U167: =2*(O167-G167)*(1-O167)*O167*C167 -> 0.42561442 | V167: =2*(O167-G167)*(1-O167)*O167*D167 -> 0.28978003 | W167: =2*(O167-G167)*(1-O167)*O167*E167 -> 0.11772314 | X167: =2*(O167-G167)*(1-O167)*O167*F167 -> 0.018111252 | Y167: =IF(P167=G167,1,0) -> 1
B168: 4 | C168: 4.6 | D168: 3.1 | E168: 1.5 | F168: 0.2 | G168: 0 | I168: =I167-('Konfigurasi Model'!$B$11*T167) -> 0.28393576 | J168: =J167-('Konfigurasi Model'!$B$11*U167) -> -0.38444753 | K168: =K167-('Konfigurasi Model'!$B$11*V167) -> -0.26811645 | L168: =L167-('Konfigurasi Model'!$B$11*W167) -> 0.6249522 | M168: =M167-('Konfigurasi Model'!$B$11*X167) -> 0.62420843 | N168: =I168+J168*C168+K168*D168+L168*E168+M168*F168 -> -1.2534139 | O168: =1/(1+EXP(-N168)) -> 0.22210974 | P168: =IF(O168>0.5,1,0) -> 0 | Q168: =O168-G168 -> 0.22210974 | R168: =Q168^2 -> 0.049332735 | T168: =2*(O168-G168)*(1-O168)*O168 -> 0.076750909 | U168: =2*(O168-G168)*(1-O168)*O168*C168 -> 0.35305418 | V168: =2*(O168-G168)*(1-O168)*O168*D168 -> 0.23792782 | W168: =2*(O168-G168)*(1-O168)*O168*E168 -> 0.11512636 | X168: =2*(O168-G168)*(1-O168)*O168*F168 -> 0.015350182 | Y168: =IF(P168=G168,1,0) -> 1
B169: 5 | C169: 5 | D169: 3.6 | E169: 1.4 | F169: 0.2 | G169: 0 | I169: =I168-('Konfigurasi Model'!$B$11*T168) -> 0.27626067 | J169: =J168-('Konfigurasi Model'!$B$11*U168) -> -0.41975295 | K169: =K168-('Konfigurasi Model'!$B$11*V168) -> -0.29190924 | L169: =L168-('Konfigurasi Model'!$B$11*W168) -> 0.61343956 | M169: =M168-('Konfigurasi Model'!$B$11*X168) -> 0.62267341 | N169: =I169+J169*C169+K169*D169+L169*E169+M169*F169 -> -1.8900272 | O169: =1/(1+EXP(-N169)) -> 0.13124136 | P169: =IF(O169>0.5,1,0) -> 0 | Q169: =O169-G169 -> 0.13124136 | R169: =Q169^2 -> 0.017224295 | T169: =2*(O169-G169)*(1-O169)*O169 -> 0.029927511 | U169: =2*(O169-G169)*(1-O169)*O169*C169 -> 0.14963755 | V169: =2*(O169-G169)*(1-O169)*O169*D169 -> 0.10773904 | W169: =2*(O169-G169)*(1-O169)*O169*E169 -> 0.041898515 | X169: =2*(O169-G169)*(1-O169)*O169*F169 -> 0.0059855022 | Y169: =IF(P169=G169,1,0) -> 1
B170: 6 | C170: 5.4 | D170: 3.9 | E170: 1.7 | F170: 0.4 | G170: 0 | I170: =I169-('Konfigurasi Model'!$B$11*T169) -> 0.27326792 | J170: =J169-('Konfigurasi Model'!$B$11*U169) -> -0.4347167 | K170: =K169-('Konfigurasi Model'!$B$11*V169) -> -0.30268314 | L170: =L169-('Konfigurasi Model'!$B$11*W169) -> 0.60924971 | M170: =M169-('Konfigurasi Model'!$B$11*X169) -> 0.62207486 | N170: =I170+J170*C170+K170*D170+L170*E170+M170*F170 -> -1.9701121 | O170: =1/(1+EXP(-N170)) -> 0.12237685 | P170: =IF(O170>0.5,1,0) -> 0 | Q170: =O170-G170 -> 0.12237685 | R170: =Q170^2 -> 0.014976094 | T170: =2*(O170-G170)*(1-O170)*O170 -> 0.026286733 | U170: =2*(O170-G170)*(1-O170)*O170*C170 -> 0.14194836 | V170: =2*(O170-G170)*(1-O170)*O170*D170 -> 0.10251826 | W170: =2*(O170-G170)*(1-O170)*O170*E170 -> 0.044687446 | X170: =2*(O170-G170)*(1-O170)*O170*F170 -> 0.010514693 | Y170: =IF(P170=G170,1,0) -> 1
B171: 7 | C171: 4.6 | D171: 3.4 | E171: 1.4 | F171: 0.3 | G171: 0 | I171: =I170-('Konfigurasi Model'!$B$11*T170) -> 0.27063925 | J171: =J170-('Konfigurasi Model'!$B$11*U170) -> -0.44891154 | K171: =K170-('Konfigurasi Model'!$B$11*V170) -> -0.31293497 | L171: =L170-('Konfigurasi Model'!$B$11*W170) -> 0.60478096 | M171: =M170-('Konfigurasi Model'!$B$11*X170) -> 0.62102339 | N171: =I171+J171*C171+K171*D171+L171*E171+M171*F171 -> -1.8253323 | O171: =1/(1+EXP(-N171)) -> 0.13879526 | P171: =IF(O171>0.5,1,0) -> 0 | Q171: =O171-G171 -> 0.13879526 | R171: =Q171^2 -> 0.019264125 | T171: =2*(O171-G171)*(1-O171)*O171 -> 0.033180712 | U171: =2*(O171-G171)*(1-O171)*O171*C171 -> 0.15263127 | V171: =2*(O171-G171)*(1-O171)*O171*D171 -> 0.11281442 | W171: =2*(O171-G171)*(1-O171)*O171*E171 -> 0.046452997 | X171: =2*(O171-G171)*(1-O171)*O171*F171 -> 0.0099542135 | Y171: =IF(P171=G171,1,0) -> 1
B172: 8 | C172: 5 | D172: 3.4 | E172: 1.5 | F172: 0.2 | G172: 0 | I172: =I171-('Konfigurasi Model'!$B$11*T171) -> 0.26732118 | J172: =J171-('Konfigurasi Model'!$B$11*U171) -> -0.46417466 | K172: =K171-('Konfigurasi Model'!$B$11*V171) -> -0.32421641 | L172: =L171-('Konfigurasi Model'!$B$11*W171) -> 0.60013567 | M172: =M171-('Konfigurasi Model'!$B$11*X171) -> 0.62002797 | N172: =I172+J172*C172+K172*D172+L172*E172+M172*F172 -> -2.1316788 | O172: =1/(1+EXP(-N172)) -> 0.10605572 | P172: =IF(O172>0.5,1,0) -> 0 | Q172: =O172-G172 -> 0.10605572 | R172: =Q172^2 -> 0.011247815 | T172: =2*(O172-G172)*(1-O172)*O172 -> 0.020109841 | U172: =2*(O172-G172)*(1-O172)*O172*C172 -> 0.1005492 | V172: =2*(O172-G172)*(1-O172)*O172*D172 -> 0.068373458 | W172: =2*(O172-G172)*(1-O172)*O172*E172 -> 0.030164761 | X172: =2*(O172-G172)*(1-O172)*O172*F172 -> 0.0040219681 | Y172: =IF(P172=G172,1,0) -> 1
B173: 9 | C173: 4.4 | D173: 2.9 | E173: 1.4 | F173: 0.2 | G173: 0 | I173: =I172-('Konfigurasi Model'!$B$11*T172) -> 0.26531019 | J173: =J172-('Konfigurasi Model'!$B$11*U172) -> -0.47422958 | K173: =K172-('Konfigurasi Model'!$B$11*V172) -> -0.33105375 | L173: =L172-('Konfigurasi Model'!$B$11*W172) -> 0.59711919 | M173: =M172-('Konfigurasi Model'!$B$11*X172) -> 0.61962577 | N173: =I173+J173*C173+K173*D173+L173*E173+M173*F173 -> -1.8214638 | O173: =1/(1+EXP(-N173)) -> 0.13925832 | P173: =IF(O173>0.5,1,0) -> 0 | Q173: =O173-G173 -> 0.13925832 | R173: =Q173^2 -> 0.019392878 | T173: =2*(O173-G173)*(1-O173)*O173 -> 0.033384518 | U173: =2*(O173-G173)*(1-O173)*O173*C173 -> 0.14689188 | V173: =2*(O173-G173)*(1-O173)*O173*D173 -> 0.096815101 | W173: =2*(O173-G173)*(1-O173)*O173*E173 -> 0.046738325 | X173: =2*(O173-G173)*(1-O173)*O173*F173 -> 0.0066769035 | Y173: =IF(P173=G173,1,0) -> 1
B174: 10 | C174: 4.9 | D174: 3.1 | E174: 1.5 | F174: 0.1 | G174: 0 | I174: =I173-('Konfigurasi Model'!$B$11*T173) -> 0.26197174 | J174: =J173-('Konfigurasi Model'!$B$11*U173) -> -0.48891877 | K174: =K173-('Konfigurasi Model'!$B$11*V173) -> -0.34073526 | L174: =L173-('Konfigurasi Model'!$B$11*W173) -> 0.59244536 | M174: =M173-('Konfigurasi Model'!$B$11*X173) -> 0.61895808 | N174: =I174+J174*C174+K174*D174+L174*E174+M174*F174 -> -2.2394457 | O174: =1/(1+EXP(-N174)) -> 0.096263752 | P174: =IF(O174>0.5,1,0) -> 0 | Q174: =O174-G174 -> 0.096263752 | R174: =Q174^2 -> 0.0092667099 | T174: =2*(O174-G174)*(1-O174)*O174 -> 0.016749323 | U174: =2*(O174-G174)*(1-O174)*O174*C174 -> 0.082071684 | V174: =2*(O174-G174)*(1-O174)*O174*D174 -> 0.051922902 | W174: =2*(O174-G174)*(1-O174)*O174*E174 -> 0.025123985 | X174: =2*(O174-G174)*(1-O174)*O174*F174 -> 0.0016749323 | Y174: =IF(P174=G174,1,0) -> 1
B175: 11 | C175: 5.4 | D175: 3.7 | E175: 1.5 | F175: 0.2 | G175: 0 | I175: =I174-('Konfigurasi Model'!$B$11*T174) -> 0.26029681 | J175: =J174-('Konfigurasi Model'!$B$11*U174) -> -0.49712594 | K175: =K174-('Konfigurasi Model'!$B$11*V174) -> -0.34592755 | L175: =L174-('Konfigurasi Model'!$B$11*W174) -> 0.58993296 | M175: =M174-('Konfigurasi Model'!$B$11*X174) -> 0.61879059 | N175: =I175+J175*C175+K175*D175+L175*E175+M175*F175 -> -2.6954577 | O175: =1/(1+EXP(-N175)) -> 0.063241921 | P175: =IF(O175>0.5,1,0) -> 0 | Q175: =O175-G175 -> 0.063241921 | R175: =Q175^2 -> 0.0039995406 | T175: =2*(O175-G175)*(1-O175)*O175 -> 0.0074932039 | U175: =2*(O175-G175)*(1-O175)*O175*C175 -> 0.040463301 | V175: =2*(O175-G175)*(1-O175)*O175*D175 -> 0.027724855 | W175: =2*(O175-G175)*(1-O175)*O175*E175 -> 0.011239806 | X175: =2*(O175-G175)*(1-O175)*O175*F175 -> 0.0014986408 | Y175: =IF(P175=G175,1,0) -> 1
B176: 12 | C176: 4.8 | D176: 3.4 | E176: 1.6 | F176: 0.2 | G176: 0 | I176: =I175-('Konfigurasi Model'!$B$11*T175) -> 0.25954749 | J176: =J175-('Konfigurasi Model'!$B$11*U175) -> -0.50117227 | K176: =K175-('Konfigurasi Model'!$B$11*V175) -> -0.34870004 | L176: =L175-('Konfigurasi Model'!$B$11*W175) -> 0.58880898 | M176: =M175-('Konfigurasi Model'!$B$11*X175) -> 0.61864072 | N176: =I176+J176*C176+K176*D176+L176*E176+M176*F176 -> -2.265837 | O176: =1/(1+EXP(-N176)) -> 0.093992121 | P176: =IF(O176>0.5,1,0) -> 0 | Q176: =O176-G176 -> 0.093992121 | R176: =Q176^2 -> 0.0088345189 | T176: =2*(O176-G176)*(1-O176)*O176 -> 0.016008287 | U176: =2*(O176-G176)*(1-O176)*O176*C176 -> 0.076839779 | V176: =2*(O176-G176)*(1-O176)*O176*D176 -> 0.054428177 | W176: =2*(O176-G176)*(1-O176)*O176*E176 -> 0.02561326 | X176: =2*(O176-G176)*(1-O176)*O176*F176 -> 0.0032016575 | Y176: =IF(P176=G176,1,0) -> 1
B177: 13 | C177: 4.8 | D177: 3 | E177: 1.4 | F177: 0.1 | G177: 0 | I177: =I176-('Konfigurasi Model'!$B$11*T176) -> 0.25794666 | J177: =J176-('Konfigurasi Model'!$B$11*U176) -> -0.50885625 | K177: =K176-('Konfigurasi Model'!$B$11*V176) -> -0.35414286 | L177: =L176-('Konfigurasi Model'!$B$11*W176) -> 0.58624765 | M177: =M176-('Konfigurasi Model'!$B$11*X176) -> 0.61832056 | N177: =I177+J177*C177+K177*D177+L177*E177+M177*F177 -> -2.3644131 | O177: =1/(1+EXP(-N177)) -> 0.085926937 | P177: =IF(O177>0.5,1,0) -> 0 | Q177: =O177-G177 -> 0.085926937 | R177: =Q177^2 -> 0.0073834385 | T177: =2*(O177-G177)*(1-O177)*O177 -> 0.013498004 | U177: =2*(O177-G177)*(1-O177)*O177*C177 -> 0.064790422 | V177: =2*(O177-G177)*(1-O177)*O177*D177 -> 0.040494013 | W177: =2*(O177-G177)*(1-O177)*O177*E177 -> 0.018897206 | X177: =2*(O177-G177)*(1-O177)*O177*F177 -> 0.0013498004 | Y177: =IF(P177=G177,1,0) -> 1
... B243: 79 | C243: 5.6 | D243: 3 | E243: 4.1 | F243: 1.3 | G243: 1 | I243: =I242-('Konfigurasi Model'!$B$11*T242) -> 0.31006577 | J243: =J242-('Konfigurasi Model'!$B$11*U242) -> -0.1545614 | K243: =K242-('Konfigurasi Model'!$B$11*V242) -> -0.20440758 | L243: =L242-('Konfigurasi Model'!$B$11*W242) -> 0.86291624 | M243: =M242-('Konfigurasi Model'!$B$11*X242) -> 0.70831181 | N243: =I243+J243*C243+K243*D243+L243*E243+M243*F243 -> 3.2900611 | O243: =1/(1+EXP(-N243)) -> 0.96408627 | P243: =IF(O243>0.5,1,0) -> 1 | Q243: =O243-G243 -> -0.03591373 | R243: =Q243^2 -> 0.001289796 | T243: =2*(O243-G243)*(1-O243)*O243 -> -0.0024869492 | U243: =2*(O243-G243)*(1-O243)*O243*C243 -> -0.013926915 | V243: =2*(O243-G243)*(1-O243)*O243*D243 -> -0.0074608475 | W243: =2*(O243-G243)*(1-O243)*O243*E243 -> -0.010196492 | X243: =2*(O243-G243)*(1-O243)*O243*F243 -> -0.0032330339 | Y243: =IF(P243=G243,1,0) -> 1
B244: 80 | C244: 5.5 | D244: 2.5 | E244: 4 | F244: 1.3 | G244: 1 | I244: =I243-('Konfigurasi Model'!$B$11*T243) -> 0.31031447 | J244: =J243-('Konfigurasi Model'!$B$11*U243) -> -0.15316871 | K244: =K243-('Konfigurasi Model'!$B$11*V243) -> -0.2036615 | L244: =L243-('Konfigurasi Model'!$B$11*W243) -> 0.86393589 | M244: =M243-('Konfigurasi Model'!$B$11*X243) -> 0.70863511 | N244: =I244+J244*C244+K244*D244+L244*E244+M244*F244 -> 3.335702 | O244: =1/(1+EXP(-N244)) -> 0.9656335 | P244: =IF(O244>0.5,1,0) -> 1 | Q244: =O244-G244 -> -0.034366503 | R244: =Q244^2 -> 0.0011810565 | T244: =2*(O244-G244)*(1-O244)*O244 -> -0.0022809354 | U244: =2*(O244-G244)*(1-O244)*O244*C244 -> -0.012545145 | V244: =2*(O244-G244)*(1-O244)*O244*D244 -> -0.0057023386 | W244: =2*(O244-G244)*(1-O244)*O244*E244 -> -0.0091237418 | X244: =2*(O244-G244)*(1-O244)*O244*F244 -> -0.0029652161 | Y244: =IF(P244=G244,1,0) -> 1 | AA244: =AVERAGE(Y165:Y244) -> 0.975 | AB244: =AVERAGE(R165:R244) -> 0.024337091
A245: epoch 4 | B245: 1 | C245: 5.1 | D245: 3.5 | E245: 1.4 | F245: 0.2 | G245: 0 | I245: =I244 -> 0.31031447 | J245: =J244 -> -0.15316871 | K245: =K244 -> -0.2036615 | L245: =L244 -> 0.86393589 | M245: =M244 -> 0.70863511 | N245: =I245+J245*C245+K245*D245+L245*E245+M245*F245 -> 0.16757607 | O245: =1/(1+EXP(-N245)) -> 0.54179626 | P245: =IF(O245>0.5,1,0) -> 1 | Q245: =O245-G245 -> 0.54179626 | R245: =Q245^2 -> 0.29354318 | T245: =2*(O245-G245)*(1-O245)*O245 -> 0.26900517 | U245: =2*(O245-G245)*(1-O245)*O245*C245 -> 1.3719264 | V245: =2*(O245-G245)*(1-O245)*O245*D245 -> 0.9415181 | W245: =2*(O245-G245)*(1-O245)*O245*E245 -> 0.37660724 | X245: =2*(O245-G245)*(1-O245)*O245*F245 -> 0.053801034 | Y245: =IF(P245=G245,1,0) -> 0
B246: 2 | C246: 4.9 | D246: 3 | E246: 1.4 | F246: 0.2 | G246: 0 | I246: =I245-('Konfigurasi Model'!$B$11*T245) -> 0.28341395 | J246: =J245-('Konfigurasi Model'!$B$11*U245) -> -0.29036135 | K246: =K245-('Konfigurasi Model'!$B$11*V245) -> -0.29781331 | L246: =L245-('Konfigurasi Model'!$B$11*W245) -> 0.82627517 | M246: =M245-('Konfigurasi Model'!$B$11*X245) -> 0.70325501 | N246: =I246+J246*C246+K246*D246+L246*E246+M246*F246 -> -0.73536034 | O246: =1/(1+EXP(-N246)) -> 0.32401954 | P246: =IF(O246>0.5,1,0) -> 0 | Q246: =O246-G246 -> 0.32401954 | R246: =Q246^2 -> 0.10498866 | T246: =2*(O246-G246)*(1-O246)*O246 -> 0.14194057 | U246: =2*(O246-G246)*(1-O246)*O246*C246 -> 0.69550879 | V246: =2*(O246-G246)*(1-O246)*O246*D246 -> 0.42582171 | W246: =2*(O246-G246)*(1-O246)*O246*E246 -> 0.1987168 | X246: =2*(O246-G246)*(1-O246)*O246*F246 -> 0.028388114 | Y246: =IF(P246=G246,1,0) -> 1
B247: 3 | C247: 4.7 | D247: 3.2 | E247: 1.3 | F247: 0.2 | G247: 0 | I247: =I246-('Konfigurasi Model'!$B$11*T246) -> 0.26921989 | J247: =J246-('Konfigurasi Model'!$B$11*U246) -> -0.35991223 | K247: =K246-('Konfigurasi Model'!$B$11*V246) -> -0.34039548 | L247: =L246-('Konfigurasi Model'!$B$11*W246) -> 0.80640349 | M247: =M246-('Konfigurasi Model'!$B$11*X246) -> 0.7004162 | N247: =I247+J247*C247+K247*D247+L247*E247+M247*F247 -> -1.3232253 | O247: =1/(1+EXP(-N247)) -> 0.21028218 | P247: =IF(O247>0.5,1,0) -> 0 | Q247: =O247-G247 -> 0.21028218 | R247: =Q247^2 -> 0.044218597 | T247: =2*(O247-G247)*(1-O247)*O247 -> 0.069840427 | U247: =2*(O247-G247)*(1-O247)*O247*C247 -> 0.32825001 | V247: =2*(O247-G247)*(1-O247)*O247*D247 -> 0.22348937 | W247: =2*(O247-G247)*(1-O247)*O247*E247 -> 0.090792555 | X247: =2*(O247-G247)*(1-O247)*O247*F247 -> 0.013968085 | Y247: =IF(P247=G247,1,0) -> 1
B248: 4 | C248: 4.6 | D248: 3.1 | E248: 1.5 | F248: 0.2 | G248: 0 | I248: =I247-('Konfigurasi Model'!$B$11*T247) -> 0.26223585 | J248: =J247-('Konfigurasi Model'!$B$11*U247) -> -0.39273723 | K248: =K247-('Konfigurasi Model'!$B$11*V247) -> -0.36274442 | L248: =L247-('Konfigurasi Model'!$B$11*W247) -> 0.79732423 | M248: =M247-('Konfigurasi Model'!$B$11*X247) -> 0.69901939 | N248: =I248+J248*C248+K248*D248+L248*E248+M248*F248 -> -1.3330729 | O248: =1/(1+EXP(-N248)) -> 0.20865153 | P248: =IF(O248>0.5,1,0) -> 0 | Q248: =O248-G248 -> 0.20865153 | R248: =Q248^2 -> 0.043535462 | T248: =2*(O248-G248)*(1-O248)*O248 -> 0.068903443 | U248: =2*(O248-G248)*(1-O248)*O248*C248 -> 0.31695584 | V248: =2*(O248-G248)*(1-O248)*O248*D248 -> 0.21360067 | W248: =2*(O248-G248)*(1-O248)*O248*E248 -> 0.10335516 | X248: =2*(O248-G248)*(1-O248)*O248*F248 -> 0.013780689 | Y248: =IF(P248=G248,1,0) -> 1
B249: 5 | C249: 5 | D249: 3.6 | E249: 1.4 | F249: 0.2 | G249: 0 | I249: =I248-('Konfigurasi Model'!$B$11*T248) -> 0.25534551 | J249: =J248-('Konfigurasi Model'!$B$11*U248) -> -0.42443281 | K249: =K248-('Konfigurasi Model'!$B$11*V248) -> -0.38410448 | L249: =L248-('Konfigurasi Model'!$B$11*W248) -> 0.78698872 | M249: =M248-('Konfigurasi Model'!$B$11*X248) -> 0.69764132 | N249: =I249+J249*C249+K249*D249+L249*E249+M249*F249 -> -2.0082822 | O249: =1/(1+EXP(-N249)) -> 0.11833608 | P249: =IF(O249>0.5,1,0) -> 0 | Q249: =O249-G249 -> 0.11833608 | R249: =Q249^2 -> 0.014003428 | T249: =2*(O249-G249)*(1-O249)*O249 -> 0.024692635 | U249: =2*(O249-G249)*(1-O249)*O249*C249 -> 0.12346317 | V249: =2*(O249-G249)*(1-O249)*O249*D249 -> 0.088893484 | W249: =2*(O249-G249)*(1-O249)*O249*E249 -> 0.034569688 | X249: =2*(O249-G249)*(1-O249)*O249*F249 -> 0.0049385269 | Y249: =IF(P249=G249,1,0) -> 1
B250: 6 | C250: 5.4 | D250: 3.9 | E250: 1.7 | F250: 0.4 | G250: 0 | I250: =I249-('Konfigurasi Model'!$B$11*T249) -> 0.25287624 | J250: =J249-('Konfigurasi Model'!$B$11*U249) -> -0.43677913 | K250: =K249-('Konfigurasi Model'!$B$11*V249) -> -0.39299383 | L250: =L249-('Konfigurasi Model'!$B$11*W249) -> 0.78353175 | M250: =M249-('Konfigurasi Model'!$B$11*X249) -> 0.69714747 | N250: =I250+J250*C250+K250*D250+L250*E250+M250*F250 -> -2.027544 | O250: =1/(1+EXP(-N250)) -> 0.11634117 | P250: =IF(O250>0.5,1,0) -> 0 | Q250: =O250-G250 -> 0.11634117 | R250: =Q250^2 -> 0.013535268 | T250: =2*(O250-G250)*(1-O250)*O250 -> 0.023921119 | U250: =2*(O250-G250)*(1-O250)*O250*C250 -> 0.12917404 | V250: =2*(O250-G250)*(1-O250)*O250*D250 -> 0.093292363 | W250: =2*(O250-G250)*(1-O250)*O250*E250 -> 0.040665902 | X250: =2*(O250-G250)*(1-O250)*O250*F250 -> 0.0095684475 | Y250: =IF(P250=G250,1,0) -> 1
B251: 7 | C251: 4.6 | D251: 3.4 | E251: 1.4 | F251: 0.3 | G251: 0 | I251: =I250-('Konfigurasi Model'!$B$11*T250) -> 0.25048413 | J251: =J250-('Konfigurasi Model'!$B$11*U250) -> -0.44969653 | K251: =K250-('Konfigurasi Model'!$B$11*V250) -> -0.40232307 | L251: =L250-('Konfigurasi Model'!$B$11*W250) -> 0.77946516 | M251: =M250-('Konfigurasi Model'!$B$11*X250) -> 0.69619062 | N251: =I251+J251*C251+K251*D251+L251*E251+M251*F251 -> -1.8859099 | O251: =1/(1+EXP(-N251)) -> 0.13171152 | P251: =IF(O251>0.5,1,0) -> 0 | Q251: =O251-G251 -> 0.13171152 | R251: =Q251^2 -> 0.017347924 | T251: =2*(O251-G251)*(1-O251)*O251 -> 0.030126006 | U251: =2*(O251-G251)*(1-O251)*O251*C251 -> 0.13857963 | V251: =2*(O251-G251)*(1-O251)*O251*D251 -> 0.10242842 | W251: =2*(O251-G251)*(1-O251)*O251*E251 -> 0.042176408 | X251: =2*(O251-G251)*(1-O251)*O251*F251 -> 0.0090378017 | Y251: =IF(P251=G251,1,0) -> 1
B252: 8 | C252: 5 | D252: 3.4 | E252: 1.5 | F252: 0.2 | G252: 0 | I252: =I251-('Konfigurasi Model'!$B$11*T251) -> 0.24747153 | J252: =J251-('Konfigurasi Model'!$B$11*U251) -> -0.46355449 | K252: =K251-('Konfigurasi Model'!$B$11*V251) -> -0.41256591 | L252: =L251-('Konfigurasi Model'!$B$11*W251) -> 0.77524752 | M252: =M251-('Konfigurasi Model'!$B$11*X251) -> 0.69528684 | N252: =I252+J252*C252+K252*D252+L252*E252+M252*F252 -> -2.1710964 | O252: =1/(1+EXP(-N252)) -> 0.10237624 | P252: =IF(O252>0.5,1,0) -> 0 | Q252: =O252-G252 -> 0.10237624 | R252: =Q252^2 -> 0.010480894 | T252: =2*(O252-G252)*(1-O252)*O252 -> 0.018815799 | U252: =2*(O252-G252)*(1-O252)*O252*C252 -> 0.094078993 | V252: =2*(O252-G252)*(1-O252)*O252*D252 -> 0.063973715 | W252: =2*(O252-G252)*(1-O252)*O252*E252 -> 0.028223698 | X252: =2*(O252-G252)*(1-O252)*O252*F252 -> 0.0037631597 | Y252: =IF(P252=G252,1,0) -> 1
B253: 9 | C253: 4.4 | D253: 2.9 | E253: 1.4 | F253: 0.2 | G253: 0 | I253: =I252-('Konfigurasi Model'!$B$11*T252) -> 0.24558995 | J253: =J252-('Konfigurasi Model'!$B$11*U252) -> -0.47296239 | K253: =K252-('Konfigurasi Model'!$B$11*V252) -> -0.41896328 | L253: =L252-('Konfigurasi Model'!$B$11*W252) -> 0.77242515 | M253: =M252-('Konfigurasi Model'!$B$11*X252) -> 0.69491053 | N253: =I253+J253*C253+K253*D253+L253*E253+M253*F253 -> -1.8300608 | O253: =1/(1+EXP(-N253)) -> 0.13823103 | P253: =IF(O253>0.5,1,0) -> 0 | Q253: =O253-G253 -> 0.13823103 | R253: =Q253^2 -> 0.019107818 | T253: =2*(O253-G253)*(1-O253)*O253 -> 0.032933049 | U253: =2*(O253-G253)*(1-O253)*O253*C253 -> 0.14490542 | V253: =2*(O253-G253)*(1-O253)*O253*D253 -> 0.095505844 | W253: =2*(O253-G253)*(1-O253)*O253*E253 -> 0.046106269 | X253: =2*(O253-G253)*(1-O253)*O253*F253 -> 0.0065866099 | Y253: =IF(P253=G253,1,0) -> 1
B254: 10 | C254: 4.9 | D254: 3.1 | E254: 1.5 | F254: 0.1 | G254: 0 | I254: =I253-('Konfigurasi Model'!$B$11*T253) -> 0.24229665 | J254: =J253-('Konfigurasi Model'!$B$11*U253) -> -0.48745294 | K254: =K253-('Konfigurasi Model'!$B$11*V253) -> -0.42851387 | L254: =L253-('Konfigurasi Model'!$B$11*W253) -> 0.76781452 | M254: =M253-('Konfigurasi Model'!$B$11*X253) -> 0.69425187 | N254: =I254+J254*C254+K254*D254+L254*E254+M254*F254 -> -2.2534688 | O254: =1/(1+EXP(-N254)) -> 0.095050677 | P254: =IF(O254>0.5,1,0) -> 0 | Q254: =O254-G254 -> 0.095050677 | R254: =Q254^2 -> 0.0090346312 | T254: =2*(O254-G254)*(1-O254)*O254 -> 0.016351767 | U254: =2*(O254-G254)*(1-O254)*O254*C254 -> 0.080123657 | V254: =2*(O254-G254)*(1-O254)*O254*D254 -> 0.050690477 | W254: =2*(O254-G254)*(1-O254)*O254*E254 -> 0.02452765 | X254: =2*(O254-G254)*(1-O254)*O254*F254 -> 0.0016351767 | Y254: =IF(P254=G254,1,0) -> 1
B255: 11 | C255: 5.4 | D255: 3.7 | E255: 1.5 | F255: 0.2 | G255: 0 | I255: =I254-('Konfigurasi Model'!$B$11*T254) -> 0.24066147 | J255: =J254-('Konfigurasi Model'!$B$11*U254) -> -0.4954653 | K255: =K254-('Konfigurasi Model'!$B$11*V254) -> -0.43358291 | L255: =L254-('Konfigurasi Model'!$B$11*W254) -> 0.76536175 | M255: =M254-('Konfigurasi Model'!$B$11*X254) -> 0.69408835 | N255: =I255+J255*C255+K255*D255+L255*E255+M255*F255 -> -2.7522476 | O255: =1/(1+EXP(-N255)) -> 0.059959838 | P255: =IF(O255>0.5,1,0) -> 0 | Q255: =O255-G255 -> 0.059959838 | R255: =Q255^2 -> 0.0035951821 | T255: =2*(O255-G255)*(1-O255)*O255 -> 0.0067592312 | U255: =2*(O255-G255)*(1-O255)*O255*C255 -> 0.036499848 | V255: =2*(O255-G255)*(1-O255)*O255*D255 -> 0.025009155 | W255: =2*(O255-G255)*(1-O255)*O255*E255 -> 0.010138847 | X255: =2*(O255-G255)*(1-O255)*O255*F255 -> 0.0013518462 | Y255: =IF(P255=G255,1,0) -> 1
B256: 12 | C256: 4.8 | D256: 3.4 | E256: 1.6 | F256: 0.2 | G256: 0 | I256: =I255-('Konfigurasi Model'!$B$11*T255) -> 0.23998555 | J256: =J255-('Konfigurasi Model'!$B$11*U255) -> -0.49911529 | K256: =K255-('Konfigurasi Model'!$B$11*V255) -> -0.43608383 | L256: =L255-('Konfigurasi Model'!$B$11*W255) -> 0.76434787 | M256: =M255-('Konfigurasi Model'!$B$11*X255) -> 0.69395316 | N256: =I256+J256*C256+K256*D256+L256*E256+M256*F256 -> -2.2767056 | O256: =1/(1+EXP(-N256)) -> 0.093070654 | P256: =IF(O256>0.5,1,0) -> 0 | Q256: =O256-G256 -> 0.093070654 | R256: =Q256^2 -> 0.0086621467 | T256: =2*(O256-G256)*(1-O256)*O256 -> 0.01571191 | U256: =2*(O256-G256)*(1-O256)*O256*C256 -> 0.075417168 | V256: =2*(O256-G256)*(1-O256)*O256*D256 -> 0.053420494 | W256: =2*(O256-G256)*(1-O256)*O256*E256 -> 0.025139056 | X256: =2*(O256-G256)*(1-O256)*O256*F256 -> 0.003142382 | Y256: =IF(P256=G256,1,0) -> 1
B257: 13 | C257: 4.8 | D257: 3 | E257: 1.4 | F257: 0.1 | G257: 0 | I257: =I256-('Konfigurasi Model'!$B$11*T256) -> 0.23841436 | J257: =J256-('Konfigurasi Model'!$B$11*U256) -> -0.506657 | K257: =K256-('Konfigurasi Model'!$B$11*V256) -> -0.44142588 | L257: =L256-('Konfigurasi Model'!$B$11*W256) -> 0.76183396 | M257: =M256-('Konfigurasi Model'!$B$11*X256) -> 0.69363893 | N257: =I257+J257*C257+K257*D257+L257*E257+M257*F257 -> -2.3818855 | O257: =1/(1+EXP(-N257)) -> 0.084564492 | P257: =IF(O257>0.5,1,0) -> 0 | Q257: =O257-G257 -> 0.084564492 | R257: =Q257^2 -> 0.0071511534 | T257: =2*(O257-G257)*(1-O257)*O257 -> 0.013092839 | U257: =2*(O257-G257)*(1-O257)*O257*C257 -> 0.062845629 | V257: =2*(O257-G257)*(1-O257)*O257*D257 -> 0.039278518 | W257: =2*(O257-G257)*(1-O257)*O257*E257 -> 0.018329975 | X257: =2*(O257-G257)*(1-O257)*O257*F257 -> 0.0013092839 | Y257: =IF(P257=G257,1,0) -> 1
... B323: 79 | C323: 5.6 | D323: 3 | E323: 4.1 | F323: 1.3 | G323: 1 | I323: =I322-('Konfigurasi Model'!$B$11*T322) -> 0.28196415 | J323: =J322-('Konfigurasi Model'!$B$11*U322) -> -0.20398765 | K323: =K322-('Konfigurasi Model'!$B$11*V322) -> -0.31849967 | L323: =L322-('Konfigurasi Model'!$B$11*W322) -> 0.99948084 | M323: =M322-('Konfigurasi Model'!$B$11*X322) -> 0.76963179 | N323: =I323+J323*C323+K323*D323+L323*E323+M323*F323 -> 3.2825271 | O323: =1/(1+EXP(-N323)) -> 0.9638245 | P323: =IF(O323>0.5,1,0) -> 1 | Q323: =O323-G323 -> -0.036175502 | R323: =Q323^2 -> 0.001308667 | T323: =2*(O323-G323)*(1-O323)*O323 -> -0.0025226505 | U323: =2*(O323-G323)*(1-O323)*O323*C323 -> -0.014126843 | V323: =2*(O323-G323)*(1-O323)*O323*D323 -> -0.0075679516 | W323: =2*(O323-G323)*(1-O323)*O323*E323 -> -0.010342867 | X323: =2*(O323-G323)*(1-O323)*O323*F323 -> -0.0032794457 | Y323: =IF(P323=G323,1,0) -> 1
B324: 80 | C324: 5.5 | D324: 2.5 | E324: 4 | F324: 1.3 | G324: 1 | I324: =I323-('Konfigurasi Model'!$B$11*T323) -> 0.28221641 | J324: =J323-('Konfigurasi Model'!$B$11*U323) -> -0.20257497 | K324: =K323-('Konfigurasi Model'!$B$11*V323) -> -0.31774287 | L324: =L323-('Konfigurasi Model'!$B$11*W323) -> 1.0005151 | M324: =M323-('Konfigurasi Model'!$B$11*X323) -> 0.76995974 | N324: =I324+J324*C324+K324*D324+L324*E324+M324*F324 -> 3.3767051 | O324: =1/(1+EXP(-N324)) -> 0.96696853 | P324: =IF(O324>0.5,1,0) -> 1 | Q324: =O324-G324 -> -0.033031474 | R324: =Q324^2 -> 0.0010910783 | T324: =2*(O324-G324)*(1-O324)*O324 -> -0.0021100767 | U324: =2*(O324-G324)*(1-O324)*O324*C324 -> -0.011605422 | V324: =2*(O324-G324)*(1-O324)*O324*D324 -> -0.0052751918 | W324: =2*(O324-G324)*(1-O324)*O324*E324 -> -0.0084403069 | X324: =2*(O324-G324)*(1-O324)*O324*F324 -> -0.0027430998 | Y324: =IF(P324=G324,1,0) -> 1 | AA324: =AVERAGE(Y245:Y324) -> 0.975 | AB324: =AVERAGE(R245:R324) -> 0.017352411
A325: epoch 5 | B325: 1 | C325: 5.1 | D325: 3.5 | E325: 1.4 | F325: 0.2 | G325: 0 | I325: =I324 -> 0.28221641 | J325: =J324 -> -0.20257497 | K325: =K324 -> -0.31774287 | L325: =L324 -> 1.0005151 | M325: =M324 -> 0.76995974 | N325: =I325+J325*C325+K325*D325+L325*E325+M325*F325 -> -0.30830285 | O325: =1/(1+EXP(-N325)) -> 0.42352905 | P325: =IF(O325>0.5,1,0) -> 0 | Q325: =O325-G325 -> 0.42352905 | R325: =Q325^2 -> 0.17937685 | T325: =2*(O325-G325)*(1-O325)*O325 -> 0.20681109 | U325: =2*(O325-G325)*(1-O325)*O325*C325 -> 1.0547366 | V325: =2*(O325-G325)*(1-O325)*O325*D325 -> 0.72383882 | W325: =2*(O325-G325)*(1-O325)*O325*E325 -> 0.28953553 | X325: =2*(O325-G325)*(1-O325)*O325*F325 -> 0.041362218 | Y325: =IF(P325=G325,1,0) -> 1
B326: 2 | C326: 4.9 | D326: 3 | E326: 1.4 | F326: 0.2 | G326: 0 | I326: =I325-('Konfigurasi Model'!$B$11*T325) -> 0.2615353 | J326: =J325-('Konfigurasi Model'!$B$11*U325) -> -0.30804863 | K326: =K325-('Konfigurasi Model'!$B$11*V325) -> -0.39012675 | L326: =L325-('Konfigurasi Model'!$B$11*W325) -> 0.97156157 | M326: =M325-('Konfigurasi Model'!$B$11*X325) -> 0.76582352 | N326: =I326+J326*C326+K326*D326+L326*E326+M326*F326 -> -0.90493232 | O326: =1/(1+EXP(-N326)) -> 0.28803796 | P326: =IF(O326>0.5,1,0) -> 0 | Q326: =O326-G326 -> 0.28803796 | R326: =Q326^2 -> 0.082965867 | T326: =2*(O326-G326)*(1-O326)*O326 -> 0.1181371 | U326: =2*(O326-G326)*(1-O326)*O326*C326 -> 0.57887177 | V326: =2*(O326-G326)*(1-O326)*O326*D326 -> 0.35441129 | W326: =2*(O326-G326)*(1-O326)*O326*E326 -> 0.16539193 | X326: =2*(O326-G326)*(1-O326)*O326*F326 -> 0.023627419 | Y326: =IF(P326=G326,1,0) -> 1
B327: 3 | C327: 4.7 | D327: 3.2 | E327: 1.3 | F327: 0.2 | G327: 0 | I327: =I326-('Konfigurasi Model'!$B$11*T326) -> 0.24972159 | J327: =J326-('Konfigurasi Model'!$B$11*U326) -> -0.3659358 | K327: =K326-('Konfigurasi Model'!$B$11*V326) -> -0.42556788 | L327: =L326-('Konfigurasi Model'!$B$11*W326) -> 0.95502238 | M327: =M326-('Konfigurasi Model'!$B$11*X326) -> 0.76346078 | N327: =I327+J327*C327+K327*D327+L327*E327+M327*F327 -> -1.4377726 | O327: =1/(1+EXP(-N327)) -> 0.1918905 | P327: =IF(O327>0.5,1,0) -> 0 | Q327: =O327-G327 -> 0.1918905 | R327: =Q327^2 -> 0.036821965 | T327: =2*(O327-G327)*(1-O327)*O327 -> 0.05951236 | U327: =2*(O327-G327)*(1-O327)*O327*C327 -> 0.27970809 | V327: =2*(O327-G327)*(1-O327)*O327*D327 -> 0.19043955 | W327: =2*(O327-G327)*(1-O327)*O327*E327 -> 0.077366068 | X327: =2*(O327-G327)*(1-O327)*O327*F327 -> 0.011902472 | Y327: =IF(P327=G327,1,0) -> 1
B328: 4 | C328: 4.6 | D328: 3.1 | E328: 1.5 | F328: 0.2 | G328: 0 | I328: =I327-('Konfigurasi Model'!$B$11*T327) -> 0.24377036 | J328: =J327-('Konfigurasi Model'!$B$11*U327) -> -0.39390661 | K328: =K327-('Konfigurasi Model'!$B$11*V327) -> -0.44461184 | L328: =L327-('Konfigurasi Model'!$B$11*W327) -> 0.94728577 | M328: =M327-('Konfigurasi Model'!$B$11*X327) -> 0.76227053 | N328: =I328+J328*C328+K328*D328+L328*E328+M328*F328 -> -1.373114 | O328: =1/(1+EXP(-N328)) -> 0.2021172 | P328: =IF(O328>0.5,1,0) -> 0 | Q328: =O328-G328 -> 0.2021172 | R328: =Q328^2 -> 0.040851363 | T328: =2*(O328-G328)*(1-O328)*O328 -> 0.0651892 | U328: =2*(O328-G328)*(1-O328)*O328*C328 -> 0.29987032 | V328: =2*(O328-G328)*(1-O328)*O328*D328 -> 0.20208652 | W328: =2*(O328-G328)*(1-O328)*O328*E328 -> 0.0977838 | X328: =2*(O328-G328)*(1-O328)*O328*F328 -> 0.01303784 | Y328: =IF(P328=G328,1,0) -> 1
B329: 5 | C329: 5 | D329: 3.6 | E329: 1.4 | F329: 0.2 | G329: 0 | I329: =I328-('Konfigurasi Model'!$B$11*T328) -> 0.23725144 | J329: =J328-('Konfigurasi Model'!$B$11*U328) -> -0.42389364 | K329: =K328-('Konfigurasi Model'!$B$11*V328) -> -0.46482049 | L329: =L328-('Konfigurasi Model'!$B$11*W328) -> 0.93750739 | M329: =M328-('Konfigurasi Model'!$B$11*X328) -> 0.76096674 | N329: =I329+J329*C329+K329*D329+L329*E329+M329*F329 -> -2.0908668 | O329: =1/(1+EXP(-N329)) -> 0.10998769 | P329: =IF(O329>0.5,1,0) -> 0 | Q329: =O329-G329 -> 0.10998769 | R329: =Q329^2 -> 0.012097292 | T329: =2*(O329-G329)*(1-O329)*O329 -> 0.021533478 | U329: =2*(O329-G329)*(1-O329)*O329*C329 -> 0.10766739 | V329: =2*(O329-G329)*(1-O329)*O329*D329 -> 0.07752052 | W329: =2*(O329-G329)*(1-O329)*O329*E329 -> 0.030146869 | X329: =2*(O329-G329)*(1-O329)*O329*F329 -> 0.0043066955 | Y329: =IF(P329=G329,1,0) -> 1
B330: 6 | C330: 5.4 | D330: 3.9 | E330: 1.7 | F330: 0.4 | G330: 0 | I330: =I329-('Konfigurasi Model'!$B$11*T329) -> 0.23509809 | J330: =J329-('Konfigurasi Model'!$B$11*U329) -> -0.43466038 | K330: =K329-('Konfigurasi Model'!$B$11*V329) -> -0.47257254 | L330: =L329-('Konfigurasi Model'!$B$11*W329) -> 0.93449271 | M330: =M329-('Konfigurasi Model'!$B$11*X329) -> 0.76053607 | N330: =I330+J330*C330+K330*D330+L330*E330+M330*F330 -> -2.0622489 | O330: =1/(1+EXP(-N330)) -> 0.11282054 | P330: =IF(O330>0.5,1,0) -> 0 | Q330: =O330-G330 -> 0.11282054 | R330: =Q330^2 -> 0.012728475 | T330: =2*(O330-G330)*(1-O330)*O330 -> 0.022584882 | U330: =2*(O330-G330)*(1-O330)*O330*C330 -> 0.12195837 | V330: =2*(O330-G330)*(1-O330)*O330*D330 -> 0.088081042 | W330: =2*(O330-G330)*(1-O330)*O330*E330 -> 0.0383943 | X330: =2*(O330-G330)*(1-O330)*O330*F330 -> 0.009033953 | Y330: =IF(P330=G330,1,0) -> 1
B331: 7 | C331: 4.6 | D331: 3.4 | E331: 1.4 | F331: 0.3 | G331: 0 | I331: =I330-('Konfigurasi Model'!$B$11*T330) -> 0.2328396 | J331: =J330-('Konfigurasi Model'!$B$11*U330) -> -0.44685622 | K331: =K330-('Konfigurasi Model'!$B$11*V330) -> -0.48138065 | L331: =L330-('Konfigurasi Model'!$B$11*W330) -> 0.93065328 | M331: =M330-('Konfigurasi Model'!$B$11*X330) -> 0.75963268 | N331: =I331+J331*C331+K331*D331+L331*E331+M331*F331 -> -1.9285888 | O331: =1/(1+EXP(-N331)) -> 0.12690686 | P331: =IF(O331>0.5,1,0) -> 0 | Q331: =O331-G331 -> 0.12690686 | R331: =Q331^2 -> 0.016105351 | T331: =2*(O331-G331)*(1-O331)*O331 -> 0.028122943 | U331: =2*(O331-G331)*(1-O331)*O331*C331 -> 0.12936554 | V331: =2*(O331-G331)*(1-O331)*O331*D331 -> 0.095618007 | W331: =2*(O331-G331)*(1-O331)*O331*E331 -> 0.039372121 | X331: =2*(O331-G331)*(1-O331)*O331*F331 -> 0.008436883 | Y331: =IF(P331=G331,1,0) -> 1
B332: 8 | C332: 5 | D332: 3.4 | E332: 1.5 | F332: 0.2 | G332: 0 | I332: =I331-('Konfigurasi Model'!$B$11*T331) -> 0.23002731 | J332: =J331-('Konfigurasi Model'!$B$11*U331) -> -0.45979277 | K332: =K331-('Konfigurasi Model'!$B$11*V331) -> -0.49094245 | L332: =L331-('Konfigurasi Model'!$B$11*W331) -> 0.92671607 | M332: =M331-('Konfigurasi Model'!$B$11*X331) -> 0.75878899 | N332: =I332+J332*C332+K332*D332+L332*E332+M332*F332 -> -2.196309 | O332: =1/(1+EXP(-N332)) -> 0.10008243 | P332: =IF(O332>0.5,1,0) -> 0 | Q332: =O332-G332 -> 0.10008243 | R332: =Q332^2 -> 0.010016494 | T332: =2*(O332-G332)*(1-O332)*O332 -> 0.018028037 | U332: =2*(O332-G332)*(1-O332)*O332*C332 -> 0.090140186 | V332: =2*(O332-G332)*(1-O332)*O332*D332 -> 0.061295326 | W332: =2*(O332-G332)*(1-O332)*O332*E332 -> 0.027042056 | X332: =2*(O332-G332)*(1-O332)*O332*F332 -> 0.0036056074 | Y332: =IF(P332=G332,1,0) -> 1
B333: 9 | C333: 4.4 | D333: 2.9 | E333: 1.4 | F333: 0.2 | G333: 0 | I333: =I332-('Konfigurasi Model'!$B$11*T332) -> 0.2282245 | J333: =J332-('Konfigurasi Model'!$B$11*U332) -> -0.46880679 | K333: =K332-('Konfigurasi Model'!$B$11*V332) -> -0.49707198 | L333: =L332-('Konfigurasi Model'!$B$11*W332) -> 0.92401186 | M333: =M332-('Konfigurasi Model'!$B$11*X332) -> 0.75842843 | N333: =I333+J333*C333+K333*D333+L333*E333+M333*F333 -> -1.8307318 | O333: =1/(1+EXP(-N333)) -> 0.13815111 | P333: =IF(O333>0.5,1,0) -> 0 | Q333: =O333-G333 -> 0.13815111 | R333: =Q333^2 -> 0.019085731 | T333: =2*(O333-G333)*(1-O333)*O333 -> 0.032898031 | U333: =2*(O333-G333)*(1-O333)*O333*C333 -> 0.14475134 | V333: =2*(O333-G333)*(1-O333)*O333*D333 -> 0.09540429 | W333: =2*(O333-G333)*(1-O333)*O333*E333 -> 0.046057244 | X333: =2*(O333-G333)*(1-O333)*O333*F333 -> 0.0065796062 | Y333: =IF(P333=G333,1,0) -> 1
B334: 10 | C334: 4.9 | D334: 3.1 | E334: 1.5 | F334: 0.1 | G334: 0 | I334: =I333-('Konfigurasi Model'!$B$11*T333) -> 0.2249347 | J334: =J333-('Konfigurasi Model'!$B$11*U333) -> -0.48328192 | K334: =K333-('Konfigurasi Model'!$B$11*V333) -> -0.50661241 | L334: =L333-('Konfigurasi Model'!$B$11*W333) -> 0.91940614 | M334: =M333-('Konfigurasi Model'!$B$11*X333) -> 0.75777047 | N334: =I334+J334*C334+K334*D334+L334*E334+M334*F334 -> -2.2587589 | O334: =1/(1+EXP(-N334)) -> 0.094596609 | P334: =IF(O334>0.5,1,0) -> 0 | Q334: =O334-G334 -> 0.094596609 | R334: =Q334^2 -> 0.0089485185 | T334: =2*(O334-G334)*(1-O334)*O334 -> 0.016204038 | U334: =2*(O334-G334)*(1-O334)*O334*C334 -> 0.079399786 | V334: =2*(O334-G334)*(1-O334)*O334*D334 -> 0.050232518 | W334: =2*(O334-G334)*(1-O334)*O334*E334 -> 0.024306057 | X334: =2*(O334-G334)*(1-O334)*O334*F334 -> 0.0016204038 | Y334: =IF(P334=G334,1,0) -> 1
B335: 11 | C335: 5.4 | D335: 3.7 | E335: 1.5 | F335: 0.2 | G335: 0 | I335: =I334-('Konfigurasi Model'!$B$11*T334) -> 0.2233143 | J335: =J334-('Konfigurasi Model'!$B$11*U334) -> -0.4912219 | K335: =K334-('Konfigurasi Model'!$B$11*V334) -> -0.51163566 | L335: =L334-('Konfigurasi Model'!$B$11*W334) -> 0.91697553 | M335: =M334-('Konfigurasi Model'!$B$11*X334) -> 0.75760843 | N335: =I335+J335*C335+K335*D335+L335*E335+M335*F335 -> -2.7953509 | O335: =1/(1+EXP(-N335)) -> 0.05757592 | P335: =IF(O335>0.5,1,0) -> 0 | Q335: =O335-G335 -> 0.05757592 | R335: =Q335^2 -> 0.0033149865 | T335: =2*(O335-G335)*(1-O335)*O335 -> 0.0062482463 | U335: =2*(O335-G335)*(1-O335)*O335*C335 -> 0.03374053 | V335: =2*(O335-G335)*(1-O335)*O335*D335 -> 0.023118511 | W335: =2*(O335-G335)*(1-O335)*O335*E335 -> 0.0093723694 | X335: =2*(O335-G335)*(1-O335)*O335*F335 -> 0.0012496493 | Y335: =IF(P335=G335,1,0) -> 1
B336: 12 | C336: 4.8 | D336: 3.4 | E336: 1.6 | F336: 0.2 | G336: 0 | I336: =I335-('Konfigurasi Model'!$B$11*T335) -> 0.22268947 | J336: =J335-('Konfigurasi Model'!$B$11*U335) -> -0.49459596 | K336: =K335-('Konfigurasi Model'!$B$11*V335) -> -0.51394751 | L336: =L335-('Konfigurasi Model'!$B$11*W335) -> 0.91603829 | M336: =M335-('Konfigurasi Model'!$B$11*X335) -> 0.75748346 | N336: =I336+J336*C336+K336*D336+L336*E336+M336*F336 -> -2.2816347 | O336: =1/(1+EXP(-N336)) -> 0.092655432 | P336: =IF(O336>0.5,1,0) -> 0 | Q336: =O336-G336 -> 0.092655432 | R336: =Q336^2 -> 0.0085850291 | T336: =2*(O336-G336)*(1-O336)*O336 -> 0.015579159 | U336: =2*(O336-G336)*(1-O336)*O336*C336 -> 0.074779963 | V336: =2*(O336-G336)*(1-O336)*O336*D336 -> 0.052969141 | W336: =2*(O336-G336)*(1-O336)*O336*E336 -> 0.024926654 | X336: =2*(O336-G336)*(1-O336)*O336*F336 -> 0.0031158318 | Y336: =IF(P336=G336,1,0) -> 1
B337: 13 | C337: 4.8 | D337: 3 | E337: 1.4 | F337: 0.1 | G337: 0 | I337: =I336-('Konfigurasi Model'!$B$11*T336) -> 0.22113155 | J337: =J336-('Konfigurasi Model'!$B$11*U336) -> -0.50207395 | K337: =K336-('Konfigurasi Model'!$B$11*V336) -> -0.51924442 | L337: =L336-('Konfigurasi Model'!$B$11*W336) -> 0.91354563 | M337: =M336-('Konfigurasi Model'!$B$11*X336) -> 0.75717188 | N337: =I337+J337*C337+K337*D337+L337*E337+M337*F337 -> -2.3918756 | O337: =1/(1+EXP(-N337)) -> 0.083794322 | P337: =IF(O337>0.5,1,0) -> 0 | Q337: =O337-G337 -> 0.083794322 | R337: =Q337^2 -> 0.0070214885 | T337: =2*(O337-G337)*(1-O337)*O337 -> 0.012866255 | U337: =2*(O337-G337)*(1-O337)*O337*C337 -> 0.061758025 | V337: =2*(O337-G337)*(1-O337)*O337*D337 -> 0.038598766 | W337: =2*(O337-G337)*(1-O337)*O337*E337 -> 0.018012757 | X337: =2*(O337-G337)*(1-O337)*O337*F337 -> 0.0012866255 | Y337: =IF(P337=G337,1,0) -> 1
... B403: 79 | C403: 5.6 | D403: 3 | E403: 4.1 | F403: 1.3 | G403: 1 | I403: =I402-('Konfigurasi Model'!$B$11*T402) -> 0.25745539 | J403: =J402-('Konfigurasi Model'!$B$11*U402) -> -0.24367202 | K403: =K402-('Konfigurasi Model'!$B$11*V402) -> -0.41697885 | L403: =L402-('Konfigurasi Model'!$B$11*W402) -> 1.1190178 | M403: =M402-('Konfigurasi Model'!$B$11*X402) -> 0.82281617 | N403: =I403+J403*C403+K403*D403+L403*E403+M403*F403 -> 3.2995897 | O403: =1/(1+EXP(-N403)) -> 0.96441473 | P403: =IF(O403>0.5,1,0) -> 1 | Q403: =O403-G403 -> -0.035585266 | R403: =Q403^2 -> 0.0012663112 | T403: =2*(O403-G403)*(1-O403)*O403 -> -0.0024424983 | U403: =2*(O403-G403)*(1-O403)*O403*C403 -> -0.01367799 | V403: =2*(O403-G403)*(1-O403)*O403*D403 -> -0.0073274948 | W403: =2*(O403-G403)*(1-O403)*O403*E403 -> -0.010014243 | X403: =2*(O403-G403)*(1-O403)*O403*F403 -> -0.0031752478 | Y403: =IF(P403=G403,1,0) -> 1
B404: 80 | C404: 5.5 | D404: 2.5 | E404: 4 | F404: 1.3 | G404: 1 | I404: =I403-('Konfigurasi Model'!$B$11*T403) -> 0.25769964 | J404: =J403-('Konfigurasi Model'!$B$11*U403) -> -0.24230422 | K404: =K403-('Konfigurasi Model'!$B$11*V403) -> -0.4162461 | L404: =L403-('Konfigurasi Model'!$B$11*W403) -> 1.1200193 | M404: =M403-('Konfigurasi Model'!$B$11*X403) -> 0.8231337 | N404: =I404+J404*C404+K404*D404+L404*E404+M404*F404 -> 3.4345621 | O404: =1/(1+EXP(-N404)) -> 0.9687674 | P404: =IF(O404>0.5,1,0) -> 1 | Q404: =O404-G404 -> -0.031232601 | R404: =Q404^2 -> 0.00097547536 | T404: =2*(O404-G404)*(1-O404)*O404 -> -0.0018900175 | U404: =2*(O404-G404)*(1-O404)*O404*C404 -> -0.010395096 | V404: =2*(O404-G404)*(1-O404)*O404*D404 -> -0.0047250436 | W404: =2*(O404-G404)*(1-O404)*O404*E404 -> -0.0075600698 | X404: =2*(O404-G404)*(1-O404)*O404*F404 -> -0.0024570227 | Y404: =IF(P404=G404,1,0) -> 1 | AA404: =AVERAGE(Y325:Y404) -> 0.9875 | AB404: =AVERAGE(R325:R404) -> 0.012749798
A406: TESTING — bobot = baris training terakhir tiap epoch
G407: Setosa = 0 | I407: Learning Rate | K407: ='Konfigurasi Model'!$B$11 -> 0.1
G408: Versicolor = 1 | I408: Bobot bias | N408: dot | O408: Sigmoid | P408: Prediksi | Q408: error | R408: Sum Square Error
A409: EPOCH | B409: No | C409: X1 | D409: X2 | E409: X3 | F409: X4 | G409: TARGET | I409: bias | J409: teta1 | K409: teta2 | L409: teta 3 | M409: teta4 | N409: z | O409: g(z) | T409: Akurasi | V409: Akurasi per epoch | W409: MSE per epoch
A410: epoch 1 | B410: 1 | C410: 5 | D410: 3.5 | E410: 1.3 | F410: 0.3 | G410: 0 | I410: =I84 -> 0.38006952 | J410: =J84 -> -0.020599416 | K410: =K84 -> 0.070780062 | L410: =L84 -> 0.52338294 | M410: =M84 -> 0.55079359 | N410: =I410+J410*C410+K410*D410+L410*E410+M410*F410 -> 1.3704386 | O410: =1/(1+EXP(-N410)) -> 0.797451 | P410: =IF(O410>0.5,1,0) -> 1 | Q410: =O410-G410 -> 0.797451 | R410: =Q410^2 -> 0.6359281 | T410: =IF(P410=G410,1,0) -> 0
B411: 2 | C411: 4.5 | D411: 2.3 | E411: 1.3 | F411: 0.3 | G411: 0 | I411: =I410 -> 0.38006952 | J411: =J410 -> -0.020599416 | K411: =K410 -> 0.070780062 | L411: =L410 -> 0.52338294 | M411: =M410 -> 0.55079359 | N411: =I411+J411*C411+K411*D411+L411*E411+M411*F411 -> 1.2958022 | O411: =1/(1+EXP(-N411)) -> 0.78512765 | P411: =IF(O411>0.5,1,0) -> 1 | Q411: =O411-G411 -> 0.78512765 | R411: =Q411^2 -> 0.61642543 | T411: =IF(P411=G411,1,0) -> 0
B412: 3 | C412: 4.4 | D412: 3.2 | E412: 1.3 | F412: 0.2 | G412: 0 | I412: =I411 -> 0.38006952 | J412: =J411 -> -0.020599416 | K412: =K411 -> 0.070780062 | L412: =L411 -> 0.52338294 | M412: =M411 -> 0.55079359 | N412: =I412+J412*C412+K412*D412+L412*E412+M412*F412 -> 1.3064848 | O412: =1/(1+EXP(-N412)) -> 0.78692435 | P412: =IF(O412>0.5,1,0) -> 1 | Q412: =O412-G412 -> 0.78692435 | R412: =Q412^2 -> 0.61924993 | T412: =IF(P412=G412,1,0) -> 0
B413: 4 | C413: 5 | D413: 3.5 | E413: 1.6 | F413: 0.6 | G413: 0 | I413: =I412 -> 0.38006952 | J413: =J412 -> -0.020599416 | K413: =K412 -> 0.070780062 | L413: =L412 -> 0.52338294 | M413: =M412 -> 0.55079359 | N413: =I413+J413*C413+K413*D413+L413*E413+M413*F413 -> 1.6926915 | O413: =1/(1+EXP(-N413)) -> 0.84457779 | P413: =IF(O413>0.5,1,0) -> 1 | Q413: =O413-G413 -> 0.84457779 | R413: =Q413^2 -> 0.71331165 | T413: =IF(P413=G413,1,0) -> 0
B414: 5 | C414: 5.1 | D414: 3.8 | E414: 1.9 | F414: 0.4 | G414: 0 | I414: =I413 -> 0.38006952 | J414: =J413 -> -0.020599416 | K414: =K413 -> 0.070780062 | L414: =L413 -> 0.52338294 | M414: =M413 -> 0.55079359 | N414: =I414+J414*C414+K414*D414+L414*E414+M414*F414 -> 1.7587218 | O414: =1/(1+EXP(-N414)) -> 0.8530495 | P414: =IF(O414>0.5,1,0) -> 1 | Q414: =O414-G414 -> 0.8530495 | R414: =Q414^2 -> 0.72769344 | T414: =IF(P414=G414,1,0) -> 0
B415: 6 | C415: 4.8 | D415: 3 | E415: 1.4 | F415: 0.3 | G415: 0 | I415: =I414 -> 0.38006952 | J415: =J414 -> -0.020599416 | K415: =K414 -> 0.070780062 | L415: =L414 -> 0.52338294 | M415: =M414 -> 0.55079359 | N415: =I415+J415*C415+K415*D415+L415*E415+M415*F415 -> 1.3915067 | O415: =1/(1+EXP(-N415)) -> 0.80083267 | P415: =IF(O415>0.5,1,0) -> 1 | Q415: =O415-G415 -> 0.80083267 | R415: =Q415^2 -> 0.64133297 | T415: =IF(P415=G415,1,0) -> 0
B416: 7 | C416: 5.1 | D416: 3.8 | E416: 1.6 | F416: 0.2 | G416: 0 | I416: =I415 -> 0.38006952 | J416: =J415 -> -0.020599416 | K416: =K415 -> 0.070780062 | L416: =L415 -> 0.52338294 | M416: =M415 -> 0.55079359 | N416: =I416+J416*C416+K416*D416+L416*E416+M416*F416 -> 1.4915482 | O416: =1/(1+EXP(-N416)) -> 0.81631053 | P416: =IF(O416>0.5,1,0) -> 1 | Q416: =O416-G416 -> 0.81631053 | R416: =Q416^2 -> 0.66636288 | T416: =IF(P416=G416,1,0) -> 0
B417: 8 | C417: 4.6 | D417: 3.2 | E417: 1.4 | F417: 0.2 | G417: 0 | I417: =I416 -> 0.38006952 | J417: =J416 -> -0.020599416 | K417: =K416 -> 0.070780062 | L417: =L416 -> 0.52338294 | M417: =M416 -> 0.55079359 | N417: =I417+J417*C417+K417*D417+L417*E417+M417*F417 -> 1.3547032 | O417: =1/(1+EXP(-N417)) -> 0.79489749 | P417: =IF(O417>0.5,1,0) -> 1 | Q417: =O417-G417 -> 0.79489749 | R417: =Q417^2 -> 0.63186201 | T417: =IF(P417=G417,1,0) -> 0
B418: 9 | C418: 5.3 | D418: 3.7 | E418: 1.5 | F418: 0.2 | G418: 0 | I418: =I417 -> 0.38006952 | J418: =J417 -> -0.020599416 | K418: =K417 -> 0.070780062 | L418: =L417 -> 0.52338294 | M418: =M417 -> 0.55079359 | N418: =I418+J418*C418+K418*D418+L418*E418+M418*F418 -> 1.428012 | O418: =1/(1+EXP(-N418)) -> 0.80659137 | P418: =IF(O418>0.5,1,0) -> 1 | Q418: =O418-G418 -> 0.80659137 | R418: =Q418^2 -> 0.65058964 | T418: =IF(P418=G418,1,0) -> 0
B419: 10 | C419: 5 | D419: 3.3 | E419: 1.4 | F419: 0.2 | G419: 0 | I419: =I418 -> 0.38006952 | J419: =J418 -> -0.020599416 | K419: =K418 -> 0.070780062 | L419: =L418 -> 0.52338294 | M419: =M418 -> 0.55079359 | N419: =I419+J419*C419+K419*D419+L419*E419+M419*F419 -> 1.3535415 | O419: =1/(1+EXP(-N419)) -> 0.79470801 | P419: =IF(O419>0.5,1,0) -> 1 | Q419: =O419-G419 -> 0.79470801 | R419: =Q419^2 -> 0.63156083 | T419: =IF(P419=G419,1,0) -> 0
B420: 11 | C420: 5.5 | D420: 2.6 | E420: 4.4 | F420: 1.2 | G420: 1 | I420: =I419 -> 0.38006952 | J420: =J419 -> -0.020599416 | K420: =K419 -> 0.070780062 | L420: =L419 -> 0.52338294 | M420: =M419 -> 0.55079359 | N420: =I420+J420*C420+K420*D420+L420*E420+M420*F420 -> 3.4146381 | O420: =1/(1+EXP(-N420)) -> 0.96815889 | P420: =IF(O420>0.5,1,0) -> 1 | Q420: =O420-G420 -> -0.031841106 | R420: =Q420^2 -> 0.001013856 | T420: =IF(P420=G420,1,0) -> 1
B421: 12 | C421: 6.1 | D421: 3 | E421: 4.6 | F421: 1.4 | G421: 1 | I421: =I420 -> 0.38006952 | J421: =J420 -> -0.020599416 | K421: =K420 -> 0.070780062 | L421: =L420 -> 0.52338294 | M421: =M420 -> 0.55079359 | N421: =I421+J421*C421+K421*D421+L421*E421+M421*F421 -> 3.6454258 | O421: =1/(1+EXP(-N421)) -> 0.97455411 | P421: =IF(O421>0.5,1,0) -> 1 | Q421: =O421-G421 -> -0.02544589 | R421: =Q421^2 -> 0.00064749332 | T421: =IF(P421=G421,1,0) -> 1
B422: 13 | C422: 5.8 | D422: 2.6 | E422: 4 | F422: 1.2 | G422: 1 | I422: =I421 -> 0.38006952 | J422: =J421 -> -0.020599416 | K422: =K421 -> 0.070780062 | L422: =L421 -> 0.52338294 | M422: =M421 -> 0.55079359 | N422: =I422+J422*C422+K422*D422+L422*E422+M422*F422 -> 3.1991051 | O422: =1/(1+EXP(-N422)) -> 0.96080059 | P422: =IF(O422>0.5,1,0) -> 1 | Q422: =O422-G422 -> -0.039199412 | R422: =Q422^2 -> 0.0015365939 | T422: =IF(P422=G422,1,0) -> 1
... B428: 19 | C428: 5.1 | D428: 2.5 | E428: 3 | F428: 1.1 | G428: 1 | I428: =I427 -> 0.38006952 | J428: =J427 -> -0.020599416 | K428: =K427 -> 0.070780062 | L428: =L427 -> 0.52338294 | M428: =M427 -> 0.55079359 | N428: =I428+J428*C428+K428*D428+L428*E428+M428*F428 -> 2.6279844 | O428: =1/(1+EXP(-N428)) -> 0.93264104 | P428: =IF(O428>0.5,1,0) -> 1 | Q428: =O428-G428 -> -0.067358963 | R428: =Q428^2 -> 0.0045372299 | T428: =IF(P428=G428,1,0) -> 1
B429: 20 | C429: 5.7 | D429: 2.8 | E429: 4.1 | F429: 1.3 | G429: 1 | I429: =I428 -> 0.38006952 | J429: =J428 -> -0.020599416 | K429: =K428 -> 0.070780062 | L429: =L428 -> 0.52338294 | M429: =M428 -> 0.55079359 | N429: =I429+J429*C429+K429*D429+L429*E429+M429*F429 -> 3.3227387 | O429: =1/(1+EXP(-N429)) -> 0.9652007 | P429: =IF(O429>0.5,1,0) -> 1 | Q429: =O429-G429 -> -0.034799302 | R429: =Q429^2 -> 0.0012109914 | T429: =IF(P429=G429,1,0) -> 1 | V429: =AVERAGE(T410:T429) -> 0.5 | W429: =AVERAGE(R410:R429) -> 0.32757315
A430: epoch 2 | B430: 1 | C430: 5 | D430: 3.5 | E430: 1.3 | F430: 0.3 | G430: 0 | I430: =I164 -> 0.34229138 | J430: =J164 -> -0.094390656 | K430: =K164 -> -0.076424833 | L430: =L164 -> 0.7057445 | M430: =M164 -> 0.63587955 | N430: =I430+J430*C430+K430*D430+L430*E430+M430*F430 -> 0.71108291 | O430: =1/(1+EXP(-N430)) -> 0.6706404 | P430: =IF(O430>0.5,1,0) -> 1 | Q430: =O430-G430 -> 0.6706404 | R430: =Q430^2 -> 0.44975855 | T430: =IF(P430=G430,1,0) -> 0
B431: 2 | C431: 4.5 | D431: 2.3 | E431: 1.3 | F431: 0.3 | G431: 0 | I431: =I430 -> 0.34229138 | J431: =J430 -> -0.094390656 | K431: =K430 -> -0.076424833 | L431: =L430 -> 0.7057445 | M431: =M430 -> 0.63587955 | N431: =I431+J431*C431+K431*D431+L431*E431+M431*F431 -> 0.84998804 | O431: =1/(1+EXP(-N431)) -> 0.70056463 | P431: =IF(O431>0.5,1,0) -> 1 | Q431: =O431-G431 -> 0.70056463 | R431: =Q431^2 -> 0.49079081 | T431: =IF(P431=G431,1,0) -> 0
...

Sheet Dataset
A1: Data yang dipakai (100 baris: 50 Setosa + 50 Versicolor)
A3: Bagian | B3: No | C3: X1 | D3: X2 | E3: X3 | F3: X4 | G3: TARGET | H3: Spesies
A4: Training | B4: 1 | C4: 5.1 | D4: 3.5 | E4: 1.4 | F4: 0.2 | G4: 0 | H4: Iris-setosa
A5: Training | B5: 2 | C5: 4.9 | D5: 3 | E5: 1.4 | F5: 0.2 | G5: 0 | H5: Iris-setosa
A6: Training | B6: 3 | C6: 4.7 | D6: 3.2 | E6: 1.3 | F6: 0.2 | G6: 0 | H6: Iris-setosa
A7: Training | B7: 4 | C7: 4.6 | D7: 3.1 | E7: 1.5 | F7: 0.2 | G7: 0 | H7: Iris-setosa
A8: Training | B8: 5 | C8: 5 | D8: 3.6 | E8: 1.4 | F8: 0.2 | G8: 0 | H8: Iris-setosa
A9: Training | B9: 6 | C9: 5.4 | D9: 3.9 | E9: 1.7 | F9: 0.4 | G9: 0 | H9: Iris-setosa
A10: Training | B10: 7 | C10: 4.6 | D10: 3.4 | E10: 1.4 | F10: 0.3 | G10: 0 | H10: Iris-setosa
A11: Training | B11: 8 | C11: 5 | D11: 3.4 | E11: 1.5 | F11: 0.2 | G11: 0 | H11: Iris-setosa
A12: Training | B12: 9 | C12: 4.4 | D12: 2.9 | E12: 1.4 | F12: 0.2 | G12: 0 | H12: Iris-setosa
A13: Training | B13: 10 | C13: 4.9 | D13: 3.1 | E13: 1.5 | F13: 0.1 | G13: 0 | H13: Iris-setosa
A14: Training | B14: 11 | C14: 5.4 | D14: 3.7 | E14: 1.5 | F14: 0.2 | G14: 0 | H14: Iris-setosa
A15: Training | B15: 12 | C15: 4.8 | D15: 3.4 | E15: 1.6 | F15: 0.2 | G15: 0 | H15: Iris-setosa
... A103: Testing | B103: 20 | C103: 5.7 | D103: 2.8 | E103: 4.1 | F103: 1.3 | G103: 1 | H103: Iris-versicolor
